user_id,url_id,text,review_rate,time_created,restaurant_id,user_id,name
BPOYBi06vu7_EP6dc97euA,https://www.yelp.com/biz/mau%C3%A1-rio-de-janeiro-3?adjust_creative=ZaFQ4_OiriT3AVd55N_QPg&hrid=BPOYBi06vu7_EP6dc97euA&utm_campaign=yelp_api_v3&utm_medium=api_v3_business_reviews&utm_source=ZaFQ4_OiriT3AVd55N_QPg,"We had a bad experience, four of the plates we disered to eat, they didn't have. We stayed there for more than one hour having our started and a drink, and...",2,2016-02-13 12:55:03,OqC-dZn8FR7RFeMNBps5KQ,6lMgful69e7rc4IsASSOXA,Pola L.
6v6gQ2DCNFTVXOSOeu1EdQ,https://www.yelp.com/biz/canto-d-alice-rio-de-janeiro?adjust_creative=ZaFQ4_OiriT3AVd55N_QPg&hrid=6v6gQ2DCNFTVXOSOeu1EdQ&utm_campaign=yelp_api_v3&utm_medium=api_v3_business_reviews&utm_source=ZaFQ4_OiriT3AVd55N_QPg,"For me is the best option in laranjeiras! Good prices and very good food, in a lovely house!",5,2014-08-03 23:49:23,ax60uuiBTsDPg5Br4wVopA,kLtoDgHQXAvfwTbbc3OIdg,Isabel S.
DHep2C11I_7LFF38o61HUg,https://www.yelp.com/biz/br%C3%A1z-pizzaria-rio-de-janeiro-3?adjust_creative=ZaFQ4_OiriT3AVd55N_QPg&hrid=DHep2C11I_7LFF38o61HUg&utm_campaign=yelp_api_v3&utm_medium=api_v3_business_reviews&utm_source=ZaFQ4_OiriT3AVd55N_QPg,Great vegan pizza option with delivery that took less than the 40 minutes they promised. I would have given them five stars if the price was lower.,4,2018-12-12 16:46:48,6nsq6ISDAXck7HkiGFMziQ,TxW-se2A3UW19c9RPhCPYw,Victor V.
dHFkoyKSc8xk0oFcdZXDDQ,https://www.yelp.com/biz/br%C3%A1z-pizzaria-rio-de-janeiro-3?adjust_creative=ZaFQ4_OiriT3AVd55N_QPg&hrid=dHFkoyKSc8xk0oFcdZXDDQ&utm_campaign=yelp_api_v3&utm_medium=api_v3_business_reviews&utm_source=ZaFQ4_OiriT3AVd55N_QPg,"This is my favorite sit-down spot for pizza in Brazil (I say Brazil because they have locations spread throughout major cities). As a local chain, there...",4,2015-11-19 07:34:32,6nsq6ISDAXck7HkiGFMziQ,RgDVC3ZUBqpEe6Y1kPhIpw,Monica S.
le8WqcbEwQuq9uCVqZ2lIw,https://www.yelp.com/biz/br%C3%A1z-pizzaria-rio-de-janeiro-3?adjust_creative=ZaFQ4_OiriT3AVd55N_QPg&hrid=le8WqcbEwQuq9uCVqZ2lIw&utm_campaign=yelp_api_v3&utm_medium=api_v3_business_reviews&utm_source=ZaFQ4_OiriT3AVd55N_QPg,"Everything here was perfect!
The wait was ok, even with a lot of people before my turn (30/40 min table for two)
Pizza italian style was amazing, delicious....",5,2017-03-02 11:44:52,6nsq6ISDAXck7HkiGFMziQ,-rEw4rDvL3F0SaU40oITnw,Luis M.
LJvGM-FmDlOfrYcuKSNRNA,https://www.yelp.com/biz/jack-salada-rio-de-janeiro?adjust_creative=ZaFQ4_OiriT3AVd55N_QPg&hrid=LJvGM-FmDlOfrYcuKSNRNA&utm_campaign=yelp_api_v3&utm_medium=api_v3_business_reviews&utm_source=ZaFQ4_OiriT3AVd55N_QPg,Great option for an awesome salad and a very solicitous service. A bit pricey though.,4,2016-01-24 05:59:56,8D_cFNqG_HDfVWSb_kUctQ,RBvHrSFIpEcvZH_16HYgzg,Ronnie P.
ayKWz7JDimtHvbhSu0vqwQ,https://www.yelp.com/biz/portella-rio-de-janeiro?adjust_creative=ZaFQ4_OiriT3AVd55N_QPg&hrid=ayKWz7JDimtHvbhSu0vqwQ&utm_campaign=yelp_api_v3&utm_medium=api_v3_business_reviews&utm_source=ZaFQ4_OiriT3AVd55N_QPg,It's supposed to be authentic food but given the crowds it's probably catering to the tourists - the price certainly feels that way. Decent food but nothing...,3,2022-01-17 10:42:04,uqjJ4EbivqrY4SH6ys2tgw,RD365MaKbCCjpZQ2KkxROg,Alex H.
MdFygmXK7rzT-lrLt4gejQ,https://www.yelp.com/biz/portella-rio-de-janeiro?adjust_creative=ZaFQ4_OiriT3AVd55N_QPg&hrid=MdFygmXK7rzT-lrLt4gejQ&utm_campaign=yelp_api_v3&utm_medium=api_v3_business_reviews&utm_source=ZaFQ4_OiriT3AVd55N_QPg,"This was the best restaurant of all the places we ate in brazil. We started off with the meat croquets and and shrimp croquets. They were both pretty good,...",4,2016-09-15 16:03:48,uqjJ4EbivqrY4SH6ys2tgw,_tpzswb4NTS4bniz9aM1nQ,Phi N.
NLeUdMFizlDeQVefk7DncQ,https://www.yelp.com/biz/portella-rio-de-janeiro?adjust_creative=ZaFQ4_OiriT3AVd55N_QPg&hrid=NLeUdMFizlDeQVefk7DncQ&utm_campaign=yelp_api_v3&utm_medium=api_v3_business_reviews&utm_source=ZaFQ4_OiriT3AVd55N_QPg,"Excellent service and food. We've gone out to eat every day as we are traveling, but in this restaurant we enjoyed everything.",5,2022-03-23 10:06:37,uqjJ4EbivqrY4SH6ys2tgw,6N6pcxAFSi-4Gtrfx1RoAw,Sam M.
Fek5GSZgub-LYM1Orr3dUQ,https://www.yelp.com/biz/lopes-rio-de-janeiro?adjust_creative=ZaFQ4_OiriT3AVd55N_QPg&hrid=Fek5GSZgub-LYM1Orr3dUQ&utm_campaign=yelp_api_v3&utm_medium=api_v3_business_reviews&utm_source=ZaFQ4_OiriT3AVd55N_QPg,Good hearty portion of food and the price is right. Small on the strip diner serve a lot of juices and food. I ordered the Beef Stroganoff. I don't think it...,5,2014-12-10 19:23:10,n-v2hCmg_YWv7DE_jKF0CQ,oPk-yuEKjvc7mTSeXDwr8Q,Clement H.
syonTPXXGqTRAwoTz7okOw,https://www.yelp.com/biz/lopes-rio-de-janeiro?adjust_creative=ZaFQ4_OiriT3AVd55N_QPg&hrid=syonTPXXGqTRAwoTz7okOw&utm_campaign=yelp_api_v3&utm_medium=api_v3_business_reviews&utm_source=ZaFQ4_OiriT3AVd55N_QPg,"Lopes represents the typical Brazilian restaurant. 
It's small but greatly illuminated, crowded with people and pretty noisy. It can get pretty hectic and...",3,2013-12-12 06:29:19,n-v2hCmg_YWv7DE_jKF0CQ,02bfkkwRMUxmLYX77wAI9A,Greg C.
39tO2Jhs-91YJ1479lCI0Q,https://www.yelp.com/biz/lopes-rio-de-janeiro?adjust_creative=ZaFQ4_OiriT3AVd55N_QPg&hrid=39tO2Jhs-91YJ1479lCI0Q&utm_campaign=yelp_api_v3&utm_medium=api_v3_business_reviews&utm_source=ZaFQ4_OiriT3AVd55N_QPg,"This place is great for authentic homestyle Brazilian food with classic like Feijoada (certain days), canja (grandma chicken soup), sandwiches and Cozido...",4,2018-01-30 21:15:53,n-v2hCmg_YWv7DE_jKF0CQ,wTx-w4lTflFIFCB-DapXfw,Rafi C.
QbVcIwOyde3chNCybesitg,https://www.yelp.com/biz/camelo-rio-de-janeiro-2?adjust_creative=ZaFQ4_OiriT3AVd55N_QPg&hrid=QbVcIwOyde3chNCybesitg&utm_campaign=yelp_api_v3&utm_medium=api_v3_business_reviews&utm_source=ZaFQ4_OiriT3AVd55N_QPg,Met the owner in a beach hut at Ipanema beach. He told us we should come to his restaurant and try his Stroganov. It was absolutely amazing. The restaurant...,5,2020-02-15 15:23:57,G-05rXSdh_XtnQ6tQEFKYA,5TqiXgpC1ulIw0UwhIjReQ,Fly A.
nKRI88VM23fD4KwMJH7DKQ,https://www.yelp.com/biz/feyzi-rio-de-janeiro-2?adjust_creative=ZaFQ4_OiriT3AVd55N_QPg&hrid=nKRI88VM23fD4KwMJH7DKQ&utm_campaign=yelp_api_v3&utm_medium=api_v3_business_reviews&utm_source=ZaFQ4_OiriT3AVd55N_QPg,"Turkish restaurant. Nice open air ambience. Small place (10 tables around 20 people). A few Turkish dishes and typical Mediterranean mezzo. Good was fresh,...",3,2016-01-09 15:58:17,IgfTg5uLT0sLYvbrF6ANvQ,sqUVfVlRQal2tFmBT-S69g,Aramyees B.
6rlu575RaNaxz21zY15M-A,https://www.yelp.com/biz/da-casa-da-t%C3%A1ta-rio-de-janeiro-2?adjust_creative=ZaFQ4_OiriT3AVd55N_QPg&hrid=6rlu575RaNaxz21zY15M-A&utm_campaign=yelp_api_v3&utm_medium=api_v3_business_reviews&utm_source=ZaFQ4_OiriT3AVd55N_QPg,"Good option for a local breakfast, good service too.

Buena opción para un desayuno local, buen servicio también.",4,2022-09-26 06:12:51,RPzGIoRay5CzmhmmtDYQow,rXhwl09R9f6aiZtqxEImKA,Marian M.
9OO_6ZyuE7-ptBVbiTNDSA,https://www.yelp.com/biz/da-casa-da-t%C3%A1ta-rio-de-janeiro-2?adjust_creative=ZaFQ4_OiriT3AVd55N_QPg&hrid=9OO_6ZyuE7-ptBVbiTNDSA&utm_campaign=yelp_api_v3&utm_medium=api_v3_business_reviews&utm_source=ZaFQ4_OiriT3AVd55N_QPg,Casa da Tata's looks and feels like your grandma's house. The daily cake offerings are fantastic as is the coffee. The atmosphere is quiet and oftentimes...,4,2016-04-05 16:34:56,RPzGIoRay5CzmhmmtDYQow,g-mL-8J1_9iuDLUhyTzvmg,Nathalie L.
XsinSf5nclIKwzSEm8gJnA,https://www.yelp.com/biz/da-casa-da-t%C3%A1ta-rio-de-janeiro-2?adjust_creative=ZaFQ4_OiriT3AVd55N_QPg&hrid=XsinSf5nclIKwzSEm8gJnA&utm_campaign=yelp_api_v3&utm_medium=api_v3_business_reviews&utm_source=ZaFQ4_OiriT3AVd55N_QPg,"Espresso, manioc pastry, watermelon and passion fruit suco, and their bread basket are such a treat. This has been my morning ritual in Rio so far.",5,2018-06-30 17:03:13,RPzGIoRay5CzmhmmtDYQow,cPmyVBtx48NlRcN2HajBTw,Guilio Ñ.
_dwskqrhGz3aWXDOkwZj0A,https://www.yelp.com/biz/cozinha-artag%C3%A3o-rio-de-janeiro?adjust_creative=ZaFQ4_OiriT3AVd55N_QPg&hrid=_dwskqrhGz3aWXDOkwZj0A&utm_campaign=yelp_api_v3&utm_medium=api_v3_business_reviews&utm_source=ZaFQ4_OiriT3AVd55N_QPg,We try the brazilian dish and it taste really good. Unfortunately no one can speak english but with google translate we manage to communicate. The price is...,4,2018-10-16 17:28:53,1B2fftVex-Q3ijDsfhJucw,P1D__l7Lg94pwFVpEwxg6Q,Inna H.
0cZ32OFfHwfAs5puL6EAaQ,https://www.yelp.com/biz/la-sagrada-fam%C3%ADlia-rio-de-janeiro?adjust_creative=ZaFQ4_OiriT3AVd55N_QPg&hrid=0cZ32OFfHwfAs5puL6EAaQ&utm_campaign=yelp_api_v3&utm_medium=api_v3_business_reviews&utm_source=ZaFQ4_OiriT3AVd55N_QPg,"Well I test tried this italian (? I put a questionmark here because they offer quite a few brasilian choices too) restaurant with an italian classic,...",4,2014-10-17 09:37:11,AP-YUGIqcCxqOgKGLG_9aA,VszRJ2FgFkEEu1WtGqx8Xg,Marijan T.
BplNs3UVPLrD1PEWhTl0CA,https://www.yelp.com/biz/soho-rio-de-janeiro?adjust_creative=ZaFQ4_OiriT3AVd55N_QPg&hrid=BplNs3UVPLrD1PEWhTl0CA&utm_campaign=yelp_api_v3&utm_medium=api_v3_business_reviews&utm_source=ZaFQ4_OiriT3AVd55N_QPg,"A little piece of New York in Rio, except with the smiling happy aura of Brazil. Come for the coffee stay for the food. A nice place to meet up before or...",5,2015-04-15 08:58:18,EwuA0s5GwtVEUbzkp_-VsQ,hkQX-WeT3kMfRtYmpSr_iw,Jay J.
6gZxX4ajBfEqZ27IpZVbAw,https://www.yelp.com/biz/soho-rio-de-janeiro?adjust_creative=ZaFQ4_OiriT3AVd55N_QPg&hrid=6gZxX4ajBfEqZ27IpZVbAw&utm_campaign=yelp_api_v3&utm_medium=api_v3_business_reviews&utm_source=ZaFQ4_OiriT3AVd55N_QPg,A little place in Leblon. The cafe looks nice with a wide variety of drinks. The espresso was pretty average but was made up by the chocolate balls on the side.,3,2015-04-19 10:13:50,EwuA0s5GwtVEUbzkp_-VsQ,DBmQjtFAo3mnX79yRhK8yQ,Matthew C.
EyYWiSxThga4pc_PBM07Dg,https://www.yelp.com/biz/baalbek-rio-de-janeiro?adjust_creative=ZaFQ4_OiriT3AVd55N_QPg&hrid=EyYWiSxThga4pc_PBM07Dg&utm_campaign=yelp_api_v3&utm_medium=api_v3_business_reviews&utm_source=ZaFQ4_OiriT3AVd55N_QPg,Amazing food. Great flavor and reasonable prices.  You can't go wrong with anything here.  We came back several times for a quick and easy lunch on our trip...,5,2019-09-22 07:37:17,JgA9tZv1SoWhY6-TCBdx6Q,rhsT4MkvWnAejFgZfAUdwQ,Darius F.
neQD-7CjVdXnIajGidocsg,https://www.yelp.com/biz/baalbek-rio-de-janeiro?adjust_creative=ZaFQ4_OiriT3AVd55N_QPg&hrid=neQD-7CjVdXnIajGidocsg&utm_campaign=yelp_api_v3&utm_medium=api_v3_business_reviews&utm_source=ZaFQ4_OiriT3AVd55N_QPg,"After passing by Baalbek many a time as I rushed through Galeria Meneschal, and noticing it is always busy, I finally made it in to try a esfiha! I wanted...",3,2015-11-20 13:09:55,JgA9tZv1SoWhY6-TCBdx6Q,sWtCm8LJ2bLMnRdVWPFjyA,Sheila T.
VMtWpKssZyj1aOyOeC6qJg,https://www.yelp.com/biz/bistr%C3%B4-da-ponte-rio-de-janeiro?adjust_creative=ZaFQ4_OiriT3AVd55N_QPg&hrid=VMtWpKssZyj1aOyOeC6qJg&utm_campaign=yelp_api_v3&utm_medium=api_v3_business_reviews&utm_source=ZaFQ4_OiriT3AVd55N_QPg,"The food was OK, perhaps three stars taking the price in consideration, but the view over Jardim Botânico makes this place worth visiting. Since it's only...",4,2013-08-23 01:37:10,vifGCNtkzploPNdgdTjW9Q,BwH09AdfMsuH6HxiXwEg5g,Paula D.
KeBiJW35lFO88Ig7cGVjuA,https://www.yelp.com/biz/restaurante-via-farani-rio-de-janeiro?adjust_creative=ZaFQ4_OiriT3AVd55N_QPg&hrid=KeBiJW35lFO88Ig7cGVjuA&utm_campaign=yelp_api_v3&utm_medium=api_v3_business_reviews&utm_source=ZaFQ4_OiriT3AVd55N_QPg,"So many noms. Only had the Japanese food & it was delicious. Rodizio style, good quality, and well priced--R$85 for all you can eat. 
They bring you 2...",5,2016-04-04 03:06:33,Ar83wzIV3cq8LQhea8jJZA,QpfNGJ9G6SLeHtGrejyiig,Janet M.
qJR_Qqut7FD5t89OySgnWQ,https://www.yelp.com/biz/restaurante-via-farani-rio-de-janeiro?adjust_creative=ZaFQ4_OiriT3AVd55N_QPg&hrid=qJR_Qqut7FD5t89OySgnWQ&utm_campaign=yelp_api_v3&utm_medium=api_v3_business_reviews&utm_source=ZaFQ4_OiriT3AVd55N_QPg,"Via Farani is an Italian and Japanese restaurant in Botafogo. You don't see this combination often. For now, I can only say something about the Japanese...",3,2014-12-01 06:10:22,Ar83wzIV3cq8LQhea8jJZA,pMkKWNuo4QNre7s3k0M3hQ,Yordy R.
Ltpu4rP-r020vwPsIL4QQA,https://www.yelp.com/biz/restaurante-via-farani-rio-de-janeiro?adjust_creative=ZaFQ4_OiriT3AVd55N_QPg&hrid=Ltpu4rP-r020vwPsIL4QQA&utm_campaign=yelp_api_v3&utm_medium=api_v3_business_reviews&utm_source=ZaFQ4_OiriT3AVd55N_QPg,"This place is good and big and this means that you won't wait for table. I love the tuna with teriyaki, and they have an Italian menu as well, besides the...",4,2014-08-03 23:31:46,Ar83wzIV3cq8LQhea8jJZA,kLtoDgHQXAvfwTbbc3OIdg,Isabel S.
QQehiTdGnU-ECf3CxPkFXQ,https://www.yelp.com/biz/lapamaki-rio-de-janeiro-2?adjust_creative=ZaFQ4_OiriT3AVd55N_QPg&hrid=QQehiTdGnU-ECf3CxPkFXQ&utm_campaign=yelp_api_v3&utm_medium=api_v3_business_reviews&utm_source=ZaFQ4_OiriT3AVd55N_QPg,"Words cannot describe how good this place is. We have been in Rio for 5 days already and this is the best meal we have had, hands down. The sushi was fresh...",5,2016-08-10 16:57:27,ysipHIdra8GM0vGrCKgVHQ,yhinYLeoT6DA5bYuXHMfsQ,Chad W.
l_j_L_20mn-qKvYBdLnRGw,https://www.yelp.com/biz/lapamaki-rio-de-janeiro-2?adjust_creative=ZaFQ4_OiriT3AVd55N_QPg&hrid=l_j_L_20mn-qKvYBdLnRGw&utm_campaign=yelp_api_v3&utm_medium=api_v3_business_reviews&utm_source=ZaFQ4_OiriT3AVd55N_QPg,"Came here while in Rio on the recommendation of a friend who had recently visited. What a great find! 

After eating lots of Rio's famous steaks and fried...",5,2016-01-03 08:54:53,ysipHIdra8GM0vGrCKgVHQ,5XiWgsA6yDjH_jUsPFc5Vw,Coleen K.
yCtiXDfHPNOH6hbb0lItcA,https://www.yelp.com/biz/lapamaki-rio-de-janeiro-2?adjust_creative=ZaFQ4_OiriT3AVd55N_QPg&hrid=yCtiXDfHPNOH6hbb0lItcA&utm_campaign=yelp_api_v3&utm_medium=api_v3_business_reviews&utm_source=ZaFQ4_OiriT3AVd55N_QPg,LapaMaki was a great surprise for a good Japanese lunch during the week. You can eat a lot of great pieces for a very affordable price in a well delivered...,5,2017-03-05 06:04:32,ysipHIdra8GM0vGrCKgVHQ,VUd_kigMnBxPyu0jiairzg,Felipe R.
od0BbfSJB5585VVK3OmwzQ,https://www.yelp.com/biz/hob-hamburgueria-rio-de-janeiro?adjust_creative=ZaFQ4_OiriT3AVd55N_QPg&hrid=od0BbfSJB5585VVK3OmwzQ&utm_campaign=yelp_api_v3&utm_medium=api_v3_business_reviews&utm_source=ZaFQ4_OiriT3AVd55N_QPg,"So delicious!! One of the top burgers I've ate, and I'm picky. I highly recommend everyone in the area take a trip and give it a try. You won't regret it....",5,2019-03-06 17:47:38,g6CutY7xi3OAqVv0mhN1iA,uTqpwrNnN2-zVqzZVaGEZw,Alyssa S.
0badsgN45NMnk2jSQoUIMA,https://www.yelp.com/biz/mr-trip-rock-bar-rio-de-janeiro?adjust_creative=ZaFQ4_OiriT3AVd55N_QPg&hrid=0badsgN45NMnk2jSQoUIMA&utm_campaign=yelp_api_v3&utm_medium=api_v3_business_reviews&utm_source=ZaFQ4_OiriT3AVd55N_QPg,Who says Zone Oeste doesn't rock? Mr. Trip is a nice bar with a great atmosphere and friendly attendants. In the restaurant you are surrounded by stars on...,4,2016-09-24 07:33:10,HmqXsdv_CZBYU_4tgUjLbw,pMkKWNuo4QNre7s3k0M3hQ,Yordy R.
KrWsxQbmfnkvLwCDqR4sQg,https://www.yelp.com/biz/bar-brasil-rio-de-janeiro-2?adjust_creative=ZaFQ4_OiriT3AVd55N_QPg&hrid=KrWsxQbmfnkvLwCDqR4sQg&utm_campaign=yelp_api_v3&utm_medium=api_v3_business_reviews&utm_source=ZaFQ4_OiriT3AVd55N_QPg,"This is a great old place to go eat if you are looking for something different.  A lot of history here, make sure to order a Chopp!   We went Saturday night...",5,2016-01-23 10:38:44,2KXTIh0IleltMjN0KrhANA,SkFzGemBYwK9mxu3tSXCTg,Jeffery S.
0k2LVnxO61wnBQrF6IFz0Q,https://www.yelp.com/biz/bar-brasil-rio-de-janeiro-2?adjust_creative=ZaFQ4_OiriT3AVd55N_QPg&hrid=0k2LVnxO61wnBQrF6IFz0Q&utm_campaign=yelp_api_v3&utm_medium=api_v3_business_reviews&utm_source=ZaFQ4_OiriT3AVd55N_QPg,"So damn Good with a capital G. A little bit of history, this place used to be carried the Bar of Adolf until World War 2. It's a German joint. But man, is...",5,2016-06-24 20:55:37,2KXTIh0IleltMjN0KrhANA,q3eSIY3r8u5OTSVYYOkwDw,Son V.
_WWEyZOvENfhtTM6tEdpSQ,https://www.yelp.com/biz/roberta-sudbrack-rio-de-janeiro-2?adjust_creative=ZaFQ4_OiriT3AVd55N_QPg&hrid=_WWEyZOvENfhtTM6tEdpSQ&utm_campaign=yelp_api_v3&utm_medium=api_v3_business_reviews&utm_source=ZaFQ4_OiriT3AVd55N_QPg,Roberta Sudbrack is now our favorite chef in Rio. She made a name for herself with gaining a Michellin star at this flagship restaurant. Although we've...,5,2016-02-15 05:36:44,6jGcCSYySrdwSs5MjQcf-g,wZG2xlICfUkJiY1NdPJH2A,Naomi K.
lnLUg47M_a7Hq2hH2eFAgg,https://www.yelp.com/biz/roberta-sudbrack-rio-de-janeiro-2?adjust_creative=ZaFQ4_OiriT3AVd55N_QPg&hrid=lnLUg47M_a7Hq2hH2eFAgg&utm_campaign=yelp_api_v3&utm_medium=api_v3_business_reviews&utm_source=ZaFQ4_OiriT3AVd55N_QPg,The place matched my expectations. Nothing more or less. Quality food in an exquisite environment. Prepare to pay for it;),4,2015-05-16 17:59:57,6jGcCSYySrdwSs5MjQcf-g,ASi8y5eV5l5v3oGfHsHv4g,Nevbahar C.
V340o_7cGqQFjOZWacR9Tw,https://www.yelp.com/biz/roberta-sudbrack-rio-de-janeiro-2?adjust_creative=ZaFQ4_OiriT3AVd55N_QPg&hrid=V340o_7cGqQFjOZWacR9Tw&utm_campaign=yelp_api_v3&utm_medium=api_v3_business_reviews&utm_source=ZaFQ4_OiriT3AVd55N_QPg,This place is super famous in Rio. The concept is to provide you with a set of dishes (which you don't choose) in a highly exclusive setting.  In my view...,2,2014-04-17 00:01:55,6jGcCSYySrdwSs5MjQcf-g,lpC7nYyt1LHulO-86dIATw,Nuno S.
ulfZXH-Ih86vLUp4PzOlDw,https://www.yelp.com/biz/i-piatti-rio-de-janeiro-2?adjust_creative=ZaFQ4_OiriT3AVd55N_QPg&hrid=ulfZXH-Ih86vLUp4PzOlDw&utm_campaign=yelp_api_v3&utm_medium=api_v3_business_reviews&utm_source=ZaFQ4_OiriT3AVd55N_QPg,"Very nice Japanese ""all you can eat"". A lot of options, including ""potiguá-roll""  My favorite in the neighborhood.",4,2014-08-04 06:16:06,5auxjUIwpNztfbHakMU_rg,B3sodb8FwWhtSjDg-4zDrA,Denis F.
T9ZqN852fKPm2hawkD1E8g,https://www.yelp.com/biz/anna-ristorante-rio-de-janeiro?adjust_creative=ZaFQ4_OiriT3AVd55N_QPg&hrid=T9ZqN852fKPm2hawkD1E8g&utm_campaign=yelp_api_v3&utm_medium=api_v3_business_reviews&utm_source=ZaFQ4_OiriT3AVd55N_QPg,"I had quite a pleasant experience at Anna. Even though we chose a seafood dish, we still wanted a red wine and couldn't decide on one they would be light...",4,2016-06-18 19:32:04,JjjshevKkE-rWPpUeXF_7Q,SKMGhF_bG1KqDoaDKFlkXw,Krystee M.
8YLIndwpRaw7P6yVEOHnTw,https://www.yelp.com/biz/bagatelle-rio-de-janeiro?adjust_creative=ZaFQ4_OiriT3AVd55N_QPg&hrid=8YLIndwpRaw7P6yVEOHnTw&utm_campaign=yelp_api_v3&utm_medium=api_v3_business_reviews&utm_source=ZaFQ4_OiriT3AVd55N_QPg,"I was going to give it 1 star but I decided to change in the last minute. Let me tell you why: We arrived to Bagattelle at 9pm, we had reservations. The...",3,2019-04-22 04:55:38,d7nIUaHYId_DioYtu8KxRg,rXhwl09R9f6aiZtqxEImKA,Marian M.
79Rj0wtkDxW0kOE840epFg,https://www.yelp.com/biz/bagatelle-rio-de-janeiro?adjust_creative=ZaFQ4_OiriT3AVd55N_QPg&hrid=79Rj0wtkDxW0kOE840epFg&utm_campaign=yelp_api_v3&utm_medium=api_v3_business_reviews&utm_source=ZaFQ4_OiriT3AVd55N_QPg,"5 continents, 85 + counties, countless 5 star Restaurants and this by far had the worst Hostess I ever meet. That says a lot and by having an establishment...",1,2017-08-06 11:55:41,d7nIUaHYId_DioYtu8KxRg,YW1z44wb2pnLaemb54meAA,Christian C.
ETysXZuebXkAgql2a2cjRQ,https://www.yelp.com/biz/intihuasi-rio-de-janeiro?adjust_creative=ZaFQ4_OiriT3AVd55N_QPg&hrid=ETysXZuebXkAgql2a2cjRQ&utm_campaign=yelp_api_v3&utm_medium=api_v3_business_reviews&utm_source=ZaFQ4_OiriT3AVd55N_QPg,If you are in Rio and need a break from moqueca and feijhoada try out this Peruvian restaurant.,3,2015-01-07 06:02:46,eewiUyJcMqPJnH07NaxoKQ,vbE3Ynwuja-jJOaEMrvLyw,Luca D.
6Pu2OjJNRMtyQrYLQPkGaA,https://www.yelp.com/biz/intihuasi-rio-de-janeiro?adjust_creative=ZaFQ4_OiriT3AVd55N_QPg&hrid=6Pu2OjJNRMtyQrYLQPkGaA&utm_campaign=yelp_api_v3&utm_medium=api_v3_business_reviews&utm_source=ZaFQ4_OiriT3AVd55N_QPg,"Nice service, great ceviche, but the most ludicrously overpriced restaurant. Michelin stars cost less for the same that we ordered.",2,2016-10-01 20:04:32,eewiUyJcMqPJnH07NaxoKQ,jsnQHmb0ZgwihmC0IjU1OQ,Daniel I.
UiN2MXeI0bPpxv81dtrcKA,https://www.yelp.com/biz/riba-rio-de-janeiro-3?adjust_creative=ZaFQ4_OiriT3AVd55N_QPg&hrid=UiN2MXeI0bPpxv81dtrcKA&utm_campaign=yelp_api_v3&utm_medium=api_v3_business_reviews&utm_source=ZaFQ4_OiriT3AVd55N_QPg,Came to Brazil to see my friend and came here to her favorite açai bowl location. The açai here by far was my favorite. They don't add any added sugar only...,5,2017-03-07 18:43:47,FTaTVJBM3YjnLRaVipQGhQ,9EZ1aHS1eWlHE-7MfbLXog,Jahie K.
JHyffDm87ZF76hUcnvBakQ,https://www.yelp.com/biz/flamb%C3%A9e-rio-de-janeiro?adjust_creative=ZaFQ4_OiriT3AVd55N_QPg&hrid=JHyffDm87ZF76hUcnvBakQ&utm_campaign=yelp_api_v3&utm_medium=api_v3_business_reviews&utm_source=ZaFQ4_OiriT3AVd55N_QPg,"This restaurant is located just around the corner from lots of noisy bars and restaurants. It doesn't look like much on the outside, but the inside is...",4,2016-04-09 20:58:44,HnqJSuGtWMGupswwkuTa9Q,ZbgS4WttNQLyYn9zRD_htg,Ryan A.
MSsEMhvg93z6aO02w32qTQ,https://www.yelp.com/biz/flamb%C3%A9e-rio-de-janeiro?adjust_creative=ZaFQ4_OiriT3AVd55N_QPg&hrid=MSsEMhvg93z6aO02w32qTQ&utm_campaign=yelp_api_v3&utm_medium=api_v3_business_reviews&utm_source=ZaFQ4_OiriT3AVd55N_QPg,Authentic historic German-French Flambe. Delicious 'pizzas'. Good well priced wine. Had the rodízio was circa 50. Nice selection of classic cheese and meat...,5,2017-07-19 18:08:19,HnqJSuGtWMGupswwkuTa9Q,sqUVfVlRQal2tFmBT-S69g,Aramyees B.
W_WGr18kMBDDXZUv2NluBw,https://www.yelp.com/biz/italian-comfort-bbq-rio-de-janeiro?adjust_creative=ZaFQ4_OiriT3AVd55N_QPg&hrid=W_WGr18kMBDDXZUv2NluBw&utm_campaign=yelp_api_v3&utm_medium=api_v3_business_reviews&utm_source=ZaFQ4_OiriT3AVd55N_QPg,Wow - I mean wow! Great food and plenty of it at a reasonable price! The chef is the owner and pride is taken in everything about this place! If you are in...,5,2019-05-31 16:26:31,FYec9rKRJt57WzhvI7serw,auPCfJGGy_1vYOMk8vwvwg,George W.
Gx04bSmhdEaeNMtYpakrWQ,https://www.yelp.com/biz/broz-rio-de-janeiro?adjust_creative=ZaFQ4_OiriT3AVd55N_QPg&hrid=Gx04bSmhdEaeNMtYpakrWQ&utm_campaign=yelp_api_v3&utm_medium=api_v3_business_reviews&utm_source=ZaFQ4_OiriT3AVd55N_QPg,"A friend of mine talked me into dining with her at Broz one evening.  She's got special dietary requirements, and it's not a place I would have chosen on my...",3,2016-12-07 11:34:19,zycIp_TqOFazLeyAI4eizg,fwbvhXM-Mt-7oKwwwuun1g,Devina G.
jvuM5X908_CwTRUzrEl34g,https://www.yelp.com/biz/das-chefs-restaurante-rio-de-janeiro?adjust_creative=ZaFQ4_OiriT3AVd55N_QPg&hrid=jvuM5X908_CwTRUzrEl34g&utm_campaign=yelp_api_v3&utm_medium=api_v3_business_reviews&utm_source=ZaFQ4_OiriT3AVd55N_QPg,"#vegan

The cutest little vegan restuarant in Copacabana. We came back twice to eat more!

The place is small and you basically sit on the street to eat. I...",5,2020-03-01 05:50:07,m7JP7PWx56HYw58B_xK4sg,oCKtbgKBtYb44q1zqqefNA,Rosalie C.
VOtFPNrvfEdyXEGQyzf7FQ,https://www.yelp.com/biz/filet-e-folhas-rio-de-janeiro?adjust_creative=ZaFQ4_OiriT3AVd55N_QPg&hrid=VOtFPNrvfEdyXEGQyzf7FQ&utm_campaign=yelp_api_v3&utm_medium=api_v3_business_reviews&utm_source=ZaFQ4_OiriT3AVd55N_QPg,"Filet e Folhas is a great option for a sit down meal in downtown Rio. They always have daily specials. Usually they are three or four options, where one of...",4,2015-06-24 09:09:22,GefPkrIwqt9IuUGPUmWb9g,52R6YBCMU0yycOHKcnTXhA,Luciana Y.
YeHwqXRQ7yvVLrvHUF8Qqg,https://www.yelp.com/biz/filet-e-folhas-rio-de-janeiro?adjust_creative=ZaFQ4_OiriT3AVd55N_QPg&hrid=YeHwqXRQ7yvVLrvHUF8Qqg&utm_campaign=yelp_api_v3&utm_medium=api_v3_business_reviews&utm_source=ZaFQ4_OiriT3AVd55N_QPg,It's probably the most crowded restaurant in the Rio's Downtown. If you don't get it until 11:45AM you won't get a seat. The service is ok but they try to...,4,2013-12-10 07:27:15,GefPkrIwqt9IuUGPUmWb9g,_PMqy6PQ5ZnDNpNVig4nNg,Willen S.
dAenrMYrdLthe49rIWcnVQ,https://www.yelp.com/biz/esta%C3%A7%C3%A3o-toledo-rio-de-janeiro?adjust_creative=ZaFQ4_OiriT3AVd55N_QPg&hrid=dAenrMYrdLthe49rIWcnVQ&utm_campaign=yelp_api_v3&utm_medium=api_v3_business_reviews&utm_source=ZaFQ4_OiriT3AVd55N_QPg,"Great fruit, salad and hot bar, and the opportunity to order the meat by chef - fillet mignon, steak, or another for price 4.89BR/kg. Working hours:...",4,2014-02-22 13:19:58,nA6X7rCAUpj_ZEN4cJqD3g,sTdTqyE7ev9vy94TJ2iH-A,Svetlana I.
kOm8RWXJMqApREaiQT-Jgg,https://www.yelp.com/biz/os-imortais-rio-de-janeiro-2?adjust_creative=ZaFQ4_OiriT3AVd55N_QPg&hrid=kOm8RWXJMqApREaiQT-Jgg&utm_campaign=yelp_api_v3&utm_medium=api_v3_business_reviews&utm_source=ZaFQ4_OiriT3AVd55N_QPg,"A legit place for craft beer made in Brazil, with a good selection of food. 

Met a friend here for stronger beer than the usual lagers that the rest of...",5,2019-03-10 12:43:47,YwiV_oSmYK59lSgL-DQXRA,UUicf1-Nqn_7GNU_4egWcg,Winlee W.
hJXAW8eDmyEL19mTNQj-ng,https://www.yelp.com/biz/os-imortais-rio-de-janeiro-2?adjust_creative=ZaFQ4_OiriT3AVd55N_QPg&hrid=hJXAW8eDmyEL19mTNQj-ng&utm_campaign=yelp_api_v3&utm_medium=api_v3_business_reviews&utm_source=ZaFQ4_OiriT3AVd55N_QPg,Definitely a dive bar...  The beer was cheap. $10R for a huge 600 ML beer. I went to the bathroom and they took my beer away and cleaned the table. I wasn't...,2,2018-02-06 07:36:41,YwiV_oSmYK59lSgL-DQXRA,UdtjCmsaR_Er8mDZgGr6Qw,Ray P.
7jXPg1udfCCcNRushmoZGw,https://www.yelp.com/biz/gula-gula-rio-de-janeiro-3?adjust_creative=ZaFQ4_OiriT3AVd55N_QPg&hrid=7jXPg1udfCCcNRushmoZGw&utm_campaign=yelp_api_v3&utm_medium=api_v3_business_reviews&utm_source=ZaFQ4_OiriT3AVd55N_QPg,"AMAZING FOOD. I had the grilled salmon with fettuccine and it was the best salmon I've ever had. Their prices are not crazy high, and the service is great....",5,2016-05-30 10:30:51,CgCOO9our5e9A5-vO3RGLA,TGxlvGGHang35ZfFULG_PA,Janet V.
naZHmENo3gwmE-3sNYfw1A,https://www.yelp.com/biz/serdani-rio-de-janeiro?adjust_creative=ZaFQ4_OiriT3AVd55N_QPg&hrid=naZHmENo3gwmE-3sNYfw1A&utm_campaign=yelp_api_v3&utm_medium=api_v3_business_reviews&utm_source=ZaFQ4_OiriT3AVd55N_QPg,Ok tasting food but smaller portions. Staff is friendly and doesn't speak English. Ample seating available,3,2023-09-06 15:31:44,l6RhyuYP4afGlh9GWeAXtA,711gsmiQOjOAHZP_0uJabw,Naveen N.
Zv6-1lBaaSkpzi6HDFYlCA,https://www.yelp.com/biz/serdani-rio-de-janeiro?adjust_creative=ZaFQ4_OiriT3AVd55N_QPg&hrid=Zv6-1lBaaSkpzi6HDFYlCA&utm_campaign=yelp_api_v3&utm_medium=api_v3_business_reviews&utm_source=ZaFQ4_OiriT3AVd55N_QPg,I enjoyed this place after leaving Azumi hungry. Good stop for a hot snack & cold beer and caipis. Get the pastel de quiexo!!,4,2016-04-04 15:46:27,l6RhyuYP4afGlh9GWeAXtA,QpfNGJ9G6SLeHtGrejyiig,Janet M.
ykh8SAt11I2YHsig4Y1AZw,https://www.yelp.com/biz/bar-do-c%C3%ADcero-rio-de-janeiro?adjust_creative=ZaFQ4_OiriT3AVd55N_QPg&hrid=ykh8SAt11I2YHsig4Y1AZw&utm_campaign=yelp_api_v3&utm_medium=api_v3_business_reviews&utm_source=ZaFQ4_OiriT3AVd55N_QPg,"Amazing Moqueca and the boat ride was fun! 
Native New Yorker and would definitely recommend this experience!",5,2019-11-15 16:26:52,mCoF0-CVWeDGc5gZXG4aTQ,H-TQ74IDNBJ_8w0FJ8mnsQ,John B.
K9Gl7ckcY7drKGGPdeE3jw,https://www.yelp.com/biz/bar-do-c%C3%ADcero-rio-de-janeiro?adjust_creative=ZaFQ4_OiriT3AVd55N_QPg&hrid=K9Gl7ckcY7drKGGPdeE3jw&utm_campaign=yelp_api_v3&utm_medium=api_v3_business_reviews&utm_source=ZaFQ4_OiriT3AVd55N_QPg,A notable seafood place but I had their picanha which was excellent. Switched the beans for salad but it wasn't anything special. The Brazilian broccoli...,5,2015-02-09 17:10:14,mCoF0-CVWeDGc5gZXG4aTQ,9VJa4yxtnLct0pN_1RcD_w,Jordan N.
DUI86VGTg4PzXK0dMWDQsg,https://www.yelp.com/biz/bar-do-lado-rio-de-janeiro?adjust_creative=ZaFQ4_OiriT3AVd55N_QPg&hrid=DUI86VGTg4PzXK0dMWDQsg&utm_campaign=yelp_api_v3&utm_medium=api_v3_business_reviews&utm_source=ZaFQ4_OiriT3AVd55N_QPg,"You wouldn't know it just by its appearance (or name), but Bar do Lado offers a sushi menu outside of their standard fare and it's quite good! For those...",4,2015-04-13 18:41:06,a2e8eodjtPoNoy0j_gm5Dw,RgDVC3ZUBqpEe6Y1kPhIpw,Monica S.
HXQMtZkBYDuqhGGWama6fg,https://www.yelp.com/biz/bar-do-lado-rio-de-janeiro?adjust_creative=ZaFQ4_OiriT3AVd55N_QPg&hrid=HXQMtZkBYDuqhGGWama6fg&utm_campaign=yelp_api_v3&utm_medium=api_v3_business_reviews&utm_source=ZaFQ4_OiriT3AVd55N_QPg,"Only 3 stars purely on the time we went. Think if we went later It would be much better.. Kicks off around midnight they say.. 
Free wifi and a good crowd...",3,2013-10-15 16:09:44,a2e8eodjtPoNoy0j_gm5Dw,ShYvKmbisoxSMVzIuhg51w,Luisa S.
Xdd4lyEWXzUsfUHOYJErjA,https://www.yelp.com/biz/bar-do-lado-rio-de-janeiro?adjust_creative=ZaFQ4_OiriT3AVd55N_QPg&hrid=Xdd4lyEWXzUsfUHOYJErjA&utm_campaign=yelp_api_v3&utm_medium=api_v3_business_reviews&utm_source=ZaFQ4_OiriT3AVd55N_QPg,Staying at this hotel while my husband and I are on vacation in Rio. Bar do Lago has a hip young professional scene with great service. Fun people watching!!,5,2015-03-21 18:29:59,a2e8eodjtPoNoy0j_gm5Dw,Df5pQdAJdg3_FEB8-DvWvA,Andrea B.
ZxPkWEKeDxGVJSRvR2WwQA,https://www.yelp.com/biz/del%C3%ADrio-tropical-rio-de-janeiro-16?adjust_creative=ZaFQ4_OiriT3AVd55N_QPg&hrid=ZxPkWEKeDxGVJSRvR2WwQA&utm_campaign=yelp_api_v3&utm_medium=api_v3_business_reviews&utm_source=ZaFQ4_OiriT3AVd55N_QPg,healthy options and a great way to get some fresh veggies into your system after all the Brazilian meats and starch filled meals...,4,2016-04-12 09:44:12,LUtAXXFZeQNP_D1ZIiGljQ,ywBdkPkMsdvhAiTjJN6cIQ,Salina W.
SgtyZABYEFmQHMIPm18zPQ,https://www.yelp.com/biz/galitos-grill-rio-de-janeiro?adjust_creative=ZaFQ4_OiriT3AVd55N_QPg&hrid=SgtyZABYEFmQHMIPm18zPQ&utm_campaign=yelp_api_v3&utm_medium=api_v3_business_reviews&utm_source=ZaFQ4_OiriT3AVd55N_QPg,"We loved this spot for its tasty chicken which is also very affordable.
It's char broiled and served covered with various spicy souces to chose from. 

The...",4,2021-02-27 06:56:10,d1OYCr_8yzClptZppOjUQw,FFQrRWzJ5zZl0KoqJVIEQw,Nancy F.
FvyhIIraEVBYEdNbmIpmFA,https://www.yelp.com/biz/galitos-grill-rio-de-janeiro?adjust_creative=ZaFQ4_OiriT3AVd55N_QPg&hrid=FvyhIIraEVBYEdNbmIpmFA&utm_campaign=yelp_api_v3&utm_medium=api_v3_business_reviews&utm_source=ZaFQ4_OiriT3AVd55N_QPg,"The food and service was amazing!  I cant wait to Return I loved the fact that
The majority of
The staff were Brazilians!  I was able to speak a little...",5,2022-11-01 22:15:33,d1OYCr_8yzClptZppOjUQw,ZzewBKJfgJquv7YhToD1jA,Willie G.
-PUc_tyQ5NRHzuqh0MYq5w,https://www.yelp.com/biz/galitos-grill-rio-de-janeiro?adjust_creative=ZaFQ4_OiriT3AVd55N_QPg&hrid=-PUc_tyQ5NRHzuqh0MYq5w&utm_campaign=yelp_api_v3&utm_medium=api_v3_business_reviews&utm_source=ZaFQ4_OiriT3AVd55N_QPg,"Straight up probably the best meal I've had in Brazil. So much so we visited 3 times. 

The star of the show is the charcoal grilled baby hen. Spit roasted...",5,2018-02-08 10:28:12,d1OYCr_8yzClptZppOjUQw,YqZniLami3yOXF3CSVxaFQ,Brian L.
XdceZDuD7ZB1m0p_s66Crw,https://www.yelp.com/biz/gero-rio-de-janeiro?adjust_creative=ZaFQ4_OiriT3AVd55N_QPg&hrid=XdceZDuD7ZB1m0p_s66Crw&utm_campaign=yelp_api_v3&utm_medium=api_v3_business_reviews&utm_source=ZaFQ4_OiriT3AVd55N_QPg,"It is the italian place in the Fasano hotel, so you can imagine it is a bit overpriced. The service was a bit slow from time to time cause it was Saturday...",4,2022-09-29 04:25:21,7_wp9DhuFCVrYLrIJRI18A,rXhwl09R9f6aiZtqxEImKA,Marian M.
j_aPZe4hoNO6nfi2FLBLKg,https://www.yelp.com/biz/gero-rio-de-janeiro?adjust_creative=ZaFQ4_OiriT3AVd55N_QPg&hrid=j_aPZe4hoNO6nfi2FLBLKg&utm_campaign=yelp_api_v3&utm_medium=api_v3_business_reviews&utm_source=ZaFQ4_OiriT3AVd55N_QPg,The service is good. The food is standard. We asked for a burrata which was dry and old. They charged it anyways. I don't think the place is worth it for...,2,2023-07-09 18:20:50,7_wp9DhuFCVrYLrIJRI18A,GIgka6_e2tEJPhSrxIwOww,Horacio J.
jxKbx0RzeKKWs6l8yV64mA,https://www.yelp.com/biz/gero-rio-de-janeiro?adjust_creative=ZaFQ4_OiriT3AVd55N_QPg&hrid=jxKbx0RzeKKWs6l8yV64mA&utm_campaign=yelp_api_v3&utm_medium=api_v3_business_reviews&utm_source=ZaFQ4_OiriT3AVd55N_QPg,"This meal was one of the worst I've had in a very long time. Nothing worked. 
The Bolognese pasta had the worst meat possible. The pasta was beyond al...",1,2022-12-24 18:42:57,7_wp9DhuFCVrYLrIJRI18A,kUhD53W-ICPS_0grZJ3l6A,Deepak M.
cUmeliziPV-HibV1zzghMA,https://www.yelp.com/biz/natu-sucos-rio-de-janeiro?adjust_creative=ZaFQ4_OiriT3AVd55N_QPg&hrid=cUmeliziPV-HibV1zzghMA&utm_campaign=yelp_api_v3&utm_medium=api_v3_business_reviews&utm_source=ZaFQ4_OiriT3AVd55N_QPg,"Perfect place for a super healthy juice. 

I been here everyday for two weeks and have enjoyed meeting the owner and operators Carlos & Cristina. 

Try the...",5,2014-07-15 09:06:24,Ym_yzJhUQHkqq8EbUF95WA,eLysS7DT3AnsYCeSkASqiA,Kaleb A.
1XWQe2HkGvONwT_DWq35JA,https://www.yelp.com/biz/rio-park-lanches-bar-rio-de-janeiro?adjust_creative=ZaFQ4_OiriT3AVd55N_QPg&hrid=1XWQe2HkGvONwT_DWq35JA&utm_campaign=yelp_api_v3&utm_medium=api_v3_business_reviews&utm_source=ZaFQ4_OiriT3AVd55N_QPg,"If you're looking for a spot to lunch as a true local carioca... that's the place. Reasonable priced, most of the dishes are for two persons but if you're...",5,2014-04-21 15:38:21,95o0eJYPS4YjSrXNlQO-4A,iQIDLFj03-5eL0dwPhVFUQ,Roberto M.
t7m7z1WkPTXY-L0IfCCaTg,https://www.yelp.com/biz/restaurante-nativo-rio-de-janeiro?adjust_creative=ZaFQ4_OiriT3AVd55N_QPg&hrid=t7m7z1WkPTXY-L0IfCCaTg&utm_campaign=yelp_api_v3&utm_medium=api_v3_business_reviews&utm_source=ZaFQ4_OiriT3AVd55N_QPg,We ate at this restaurant 3 or 4 times during our trip because the prices were so reasonable and the food was consistently great. It's perfect for what it...,5,2018-08-15 08:16:13,VvVlkdKHkcbZoloZGx3URg,yFxZ5mktE99ccL3nf2wGwQ,Paul B.
kjF4P9zgv-bUypXaKA51SQ,https://www.yelp.com/biz/pizzaria-caravelle-rio-de-janeiro?adjust_creative=ZaFQ4_OiriT3AVd55N_QPg&hrid=kjF4P9zgv-bUypXaKA51SQ&utm_campaign=yelp_api_v3&utm_medium=api_v3_business_reviews&utm_source=ZaFQ4_OiriT3AVd55N_QPg,The service here is on another level. I really liked the welcoming atmosphere. Definitely try this spot out if you're in town.,5,2021-05-22 11:14:15,euY-y2ZQrUulbXHDPpleAQ,JW4CEu5S6AUIXPjMLdDWAQ,Tristan S.
QjkzIEz0Msz3xJ1P8yzkDQ,https://www.yelp.com/biz/pizzaria-caravelle-rio-de-janeiro?adjust_creative=ZaFQ4_OiriT3AVd55N_QPg&hrid=QjkzIEz0Msz3xJ1P8yzkDQ&utm_campaign=yelp_api_v3&utm_medium=api_v3_business_reviews&utm_source=ZaFQ4_OiriT3AVd55N_QPg,"We ordered an extra-large pizza for 3 people, which came out to 6 slices (so you can see, serving size is different than in the USA). We had our pizza split...",4,2017-06-20 14:02:37,euY-y2ZQrUulbXHDPpleAQ,b0GqzoOGfF9IZmcC25i4tw,Rachael B.
a4pfdCN-FDtcj68KHU5aWg,https://www.yelp.com/biz/pizzaria-caravelle-rio-de-janeiro?adjust_creative=ZaFQ4_OiriT3AVd55N_QPg&hrid=a4pfdCN-FDtcj68KHU5aWg&utm_campaign=yelp_api_v3&utm_medium=api_v3_business_reviews&utm_source=ZaFQ4_OiriT3AVd55N_QPg,"Great little pizzaria in the heart of Copacabana. Wife and I wanted a change from the usual Dominos so we tried this little spot.
Staff were excellent,...",5,2015-05-16 18:16:53,euY-y2ZQrUulbXHDPpleAQ,OGCoy4YKtXm4kkIco7pBjw,Tim C.
UKF89E-uQhqLgVFE58omHg,https://www.yelp.com/biz/brasinha-ipanema-galeto-rio-de-janeiro?adjust_creative=ZaFQ4_OiriT3AVd55N_QPg&hrid=UKF89E-uQhqLgVFE58omHg&utm_campaign=yelp_api_v3&utm_medium=api_v3_business_reviews&utm_source=ZaFQ4_OiriT3AVd55N_QPg,The service here is great! The food is really good. I had the squid with broccoli rice and it was pretty good and huge portion. It was enough for me just to...,4,2016-03-17 13:32:10,sYOc6B0LB6dzwBgim3fVQw,jefZQ4z9--4zTDfQlD4tfw,Jason R.
OCXldQePqe9hWMUEUQsfXA,https://www.yelp.com/biz/brasinha-ipanema-galeto-rio-de-janeiro?adjust_creative=ZaFQ4_OiriT3AVd55N_QPg&hrid=OCXldQePqe9hWMUEUQsfXA&utm_campaign=yelp_api_v3&utm_medium=api_v3_business_reviews&utm_source=ZaFQ4_OiriT3AVd55N_QPg,It was terrible. Someone ordered spaghetti with shrimp and I swear it was as if they took old spaghetti and put it on a plate. Honestly don't know how these...,1,2016-10-27 14:47:48,sYOc6B0LB6dzwBgim3fVQw,7uguq1MMksIBynR-CClTuQ,Manny C.
yVGIttngENm8sPZ26K9lRw,https://www.yelp.com/biz/brasinha-ipanema-galeto-rio-de-janeiro?adjust_creative=ZaFQ4_OiriT3AVd55N_QPg&hrid=yVGIttngENm8sPZ26K9lRw&utm_campaign=yelp_api_v3&utm_medium=api_v3_business_reviews&utm_source=ZaFQ4_OiriT3AVd55N_QPg,"Great food, great portions and amazing prices. Highly recommended! It's even got a lot of Classic Brazilian dishes.",5,2014-04-24 19:41:25,sYOc6B0LB6dzwBgim3fVQw,yHklCJWA1shmg2ZYgDABMg,Nick P.
5t6Z1Ro6zM4-1M56W_xjxw,https://www.yelp.com/biz/pavelka-rio-de-janeiro?adjust_creative=ZaFQ4_OiriT3AVd55N_QPg&hrid=5t6Z1Ro6zM4-1M56W_xjxw&utm_campaign=yelp_api_v3&utm_medium=api_v3_business_reviews&utm_source=ZaFQ4_OiriT3AVd55N_QPg,We decided to try our lunch here today as they were participating in the Rio Burger Fest. They offered two types of burgers (Hambúrguer de linguiça...,2,2014-11-17 07:10:02,jUxHXL_IRZJmnc8qDsm0sQ,52R6YBCMU0yycOHKcnTXhA,Luciana Y.
ilYxu3zZ3YhS7XUf8DEvKw,https://www.yelp.com/biz/balada-mix-rio-de-janeiro-16?adjust_creative=ZaFQ4_OiriT3AVd55N_QPg&hrid=ilYxu3zZ3YhS7XUf8DEvKw&utm_campaign=yelp_api_v3&utm_medium=api_v3_business_reviews&utm_source=ZaFQ4_OiriT3AVd55N_QPg,"I freakin adore ballada mix. 

Everything I have got from here taste very good. Not all restaurants in Brazil serve simple but tasty food, but I think that...",5,2016-08-23 08:22:16,d2tv_XQ-L4tRCeTsUvw81g,HomfYCC-WpXCdpGbNH0tHg,Alona Vibe V.
9x9aILm4Q3adtzod_umFRA,https://www.yelp.com/biz/balada-mix-rio-de-janeiro-16?adjust_creative=ZaFQ4_OiriT3AVd55N_QPg&hrid=9x9aILm4Q3adtzod_umFRA&utm_campaign=yelp_api_v3&utm_medium=api_v3_business_reviews&utm_source=ZaFQ4_OiriT3AVd55N_QPg,"If you want fresh juices,  salads, sandwiches,  burgers, Gluten free, meat,  chicken,  pizza.... They have it!!!  
You can build your plate (one grilled...",4,2015-09-13 16:03:13,d2tv_XQ-L4tRCeTsUvw81g,52R6YBCMU0yycOHKcnTXhA,Luciana Y.
8j9YFsqzuBP9sJ9cu54IdA,https://www.yelp.com/biz/balada-mix-rio-de-janeiro-16?adjust_creative=ZaFQ4_OiriT3AVd55N_QPg&hrid=8j9YFsqzuBP9sJ9cu54IdA&utm_campaign=yelp_api_v3&utm_medium=api_v3_business_reviews&utm_source=ZaFQ4_OiriT3AVd55N_QPg,Nice place for dinner but even nicer for lunch. Nice street with bars and restaurants. Food is expensive for what it is but the place feels carioca. I...,4,2015-11-16 14:24:36,d2tv_XQ-L4tRCeTsUvw81g,MYbxR-oW8RUp_FGsNEi0Ow,Gabriela R.
v_AN0_nAO0A811AosVkcJA,https://www.yelp.com/biz/improviso-rio-de-janeiro?adjust_creative=ZaFQ4_OiriT3AVd55N_QPg&hrid=v_AN0_nAO0A811AosVkcJA&utm_campaign=yelp_api_v3&utm_medium=api_v3_business_reviews&utm_source=ZaFQ4_OiriT3AVd55N_QPg,I had a great time here!  It's in the Arco de Lapa area.  We were strongly advised to take a taxi - and  not take the metro and walk from the station - for...,4,2017-03-26 12:12:54,WAci6T9EzEVYDHEj3OSNYw,e3Q_YeEZz2vzxkZBauX8-w,Nina R.
0uQk_gyKF-gVJyk94OSyhw,https://www.yelp.com/biz/churrascaria-carret%C3%A3o-rio-de-janeiro-3?adjust_creative=ZaFQ4_OiriT3AVd55N_QPg&hrid=0uQk_gyKF-gVJyk94OSyhw&utm_campaign=yelp_api_v3&utm_medium=api_v3_business_reviews&utm_source=ZaFQ4_OiriT3AVd55N_QPg,"Here in Rio de Janeiro and what better thing to do than to visit a true Brazilian steakhouse. I've been to one back home, but I wasn't that impressed since...",4,2020-02-25 02:46:30,pfdnBMVVdIYzr0UibFJIFQ,NMGlN9NsxTLuY239UAJiHg,Chuck M.
tZnJZQQU7imxl-HWfOMBcw,https://www.yelp.com/biz/churrascaria-carret%C3%A3o-rio-de-janeiro-3?adjust_creative=ZaFQ4_OiriT3AVd55N_QPg&hrid=tZnJZQQU7imxl-HWfOMBcw&utm_campaign=yelp_api_v3&utm_medium=api_v3_business_reviews&utm_source=ZaFQ4_OiriT3AVd55N_QPg,"I came in a little weary, this lunch was included in our group tour of the Brazilian sites we bought with TripAdvisor, but I was really pleasantly...",4,2019-04-12 21:32:54,pfdnBMVVdIYzr0UibFJIFQ,sgSy3pBULfKuVLgHzitwQg,Tash B.
_b0O3qqI3Ifo7uJ87cEn7g,https://www.yelp.com/biz/churrascaria-carret%C3%A3o-rio-de-janeiro-3?adjust_creative=ZaFQ4_OiriT3AVd55N_QPg&hrid=_b0O3qqI3Ifo7uJ87cEn7g&utm_campaign=yelp_api_v3&utm_medium=api_v3_business_reviews&utm_source=ZaFQ4_OiriT3AVd55N_QPg,"I was really looking forward to having some churrasco and other meats in Brazil, thinking about a Brazilian steakhouse.  Unfortunately the meats were...",3,2020-07-25 18:52:21,pfdnBMVVdIYzr0UibFJIFQ,eSlOI3GhroEtcbaD_nFXJQ,Jason G.
pAhNu5UrYnArO4ZdAEVdkw,https://www.yelp.com/biz/arp%C3%B4-restobar-rio-de-janeiro-2?adjust_creative=ZaFQ4_OiriT3AVd55N_QPg&hrid=pAhNu5UrYnArO4ZdAEVdkw&utm_campaign=yelp_api_v3&utm_medium=api_v3_business_reviews&utm_source=ZaFQ4_OiriT3AVd55N_QPg,"Fantastic little Brazilian buffet with a nice owner that speaks Portuguese, Spanish, and a little English.

We went for lunch and found a reasonable pricing...",4,2015-08-10 09:57:18,0bEV89kjqqueipYLixaIyQ,taHBmut0Qx8z90UgF93xoA,Ming L.
vhTfFtjrYLQ-VxpBKBhd0w,https://www.yelp.com/biz/confeitaria-colombo-rio-de-janeiro-3?adjust_creative=ZaFQ4_OiriT3AVd55N_QPg&hrid=vhTfFtjrYLQ-VxpBKBhd0w&utm_campaign=yelp_api_v3&utm_medium=api_v3_business_reviews&utm_source=ZaFQ4_OiriT3AVd55N_QPg,"Gorgeous view, cute cafe, delicious sweets! Got the brigadeiro and had to come back another day to get even more brigadeiro since I didn't realize how...",4,2020-03-24 18:00:16,fWN7IvjEDsXxaMocjmvCaA,YgTleYno1TQjVr3aCBPgvw,Anna L.
5eYshqCwgQxcyi7YOEze_A,https://www.yelp.com/biz/confeitaria-colombo-rio-de-janeiro-3?adjust_creative=ZaFQ4_OiriT3AVd55N_QPg&hrid=5eYshqCwgQxcyi7YOEze_A&utm_campaign=yelp_api_v3&utm_medium=api_v3_business_reviews&utm_source=ZaFQ4_OiriT3AVd55N_QPg,Food was really good! I was impressed. Great views and excellent customer service. There is a checkin to reserve a table online. Only negative is I waited...,4,2021-11-28 13:46:53,fWN7IvjEDsXxaMocjmvCaA,hRJ_TzSCv_UnSigD9jn0bw,Emmanuel I.
lqZ1CAdMYwZ_cm98D4PHtw,https://www.yelp.com/biz/confeitaria-colombo-rio-de-janeiro-3?adjust_creative=ZaFQ4_OiriT3AVd55N_QPg&hrid=lqZ1CAdMYwZ_cm98D4PHtw&utm_campaign=yelp_api_v3&utm_medium=api_v3_business_reviews&utm_source=ZaFQ4_OiriT3AVd55N_QPg,Poor imitation of the original. Food that should have been hot was cold (we were told that it was made to order). Bread was stale. Go to the original one if...,2,2019-09-15 09:53:42,fWN7IvjEDsXxaMocjmvCaA,JsIFqXo9wnGIeGYKKyKYXg,Carmen H.
WGSTo7C1txHiw0SNLaBqgQ,https://www.yelp.com/biz/r%C3%A1scal-rio-de-janeiro?adjust_creative=ZaFQ4_OiriT3AVd55N_QPg&hrid=WGSTo7C1txHiw0SNLaBqgQ&utm_campaign=yelp_api_v3&utm_medium=api_v3_business_reviews&utm_source=ZaFQ4_OiriT3AVd55N_QPg,"O melhor restaurante no Shopping Leblon, por um preço ótimo! O buffet 'e delicioso, com muitas opções saudáveis. Excelente seleção de bebidas...",5,2015-03-02 20:06:50,kBGTB54PAMHhEqq_0zSDsg,Meie-5Xm92AmC7iYoosBww,manoela w.
eGNr5nVo8YOQAvbOehKWCQ,https://www.yelp.com/biz/cl%C3%A1ssico-beach-club-urca-rio-de-janeiro?adjust_creative=ZaFQ4_OiriT3AVd55N_QPg&hrid=eGNr5nVo8YOQAvbOehKWCQ&utm_campaign=yelp_api_v3&utm_medium=api_v3_business_reviews&utm_source=ZaFQ4_OiriT3AVd55N_QPg,"Experience: After exploring the different sections of Sugarloaf, we decided to have lunch with a view. There are many different cafes and restaurants to...",5,2023-11-09 19:22:13,HcqPADOJuech5Lka1ck0tQ,IWVLQkycvtbPnIPE0nongQ,Lyna K.
9OQcDfLu9PPM0KnXZ9YWVg,https://www.yelp.com/biz/cl%C3%A1ssico-beach-club-urca-rio-de-janeiro?adjust_creative=ZaFQ4_OiriT3AVd55N_QPg&hrid=9OQcDfLu9PPM0KnXZ9YWVg&utm_campaign=yelp_api_v3&utm_medium=api_v3_business_reviews&utm_source=ZaFQ4_OiriT3AVd55N_QPg,Great views from the up top. Your mostly enjoying the great view. I would suggest to go early to visit while the sun is out. As you progress into the day it...,4,2023-03-14 07:47:58,HcqPADOJuech5Lka1ck0tQ,H_MCU7uyCGjxHONcn20gzw,Raymond C.
uveJBU7ss2cnVBAG_qmSVQ,https://www.yelp.com/biz/cl%C3%A1ssico-beach-club-urca-rio-de-janeiro?adjust_creative=ZaFQ4_OiriT3AVd55N_QPg&hrid=uveJBU7ss2cnVBAG_qmSVQ&utm_campaign=yelp_api_v3&utm_medium=api_v3_business_reviews&utm_source=ZaFQ4_OiriT3AVd55N_QPg,Beautiful view beautiful service. They mostly serve seafood and cheese dishes. The Capannina the light but delicious,5,2022-04-21 10:31:22,HcqPADOJuech5Lka1ck0tQ,dd0EieV5gdf6YfUDg43oKw,Lisa S.
_aC0GoNogmDau7fsJSTJ4Q,https://www.yelp.com/biz/nori-cozinha-oriental-rio-de-janeiro?adjust_creative=ZaFQ4_OiriT3AVd55N_QPg&hrid=_aC0GoNogmDau7fsJSTJ4Q&utm_campaign=yelp_api_v3&utm_medium=api_v3_business_reviews&utm_source=ZaFQ4_OiriT3AVd55N_QPg,"Looking for great quality sushi in lower Leblon (closer to Ipanema)? Nori was a find within the chic Shopping Leblon mall. Located on the uppermost floor,...",4,2015-10-06 16:38:38,oTEZi5IH339Yhp4WQcio1Q,RgDVC3ZUBqpEe6Y1kPhIpw,Monica S.
UNuCELEUfvxYY6dskmkROg,https://www.yelp.com/biz/japa-b-rio-de-janeiro?adjust_creative=ZaFQ4_OiriT3AVd55N_QPg&hrid=UNuCELEUfvxYY6dskmkROg&utm_campaign=yelp_api_v3&utm_medium=api_v3_business_reviews&utm_source=ZaFQ4_OiriT3AVd55N_QPg,"My friend recommended me this place so I had good expectations. I went on  a Wednesday and surprisingly it was really crowded. 
The hostess was not...",3,2016-03-16 12:06:42,xopYrLm6Gfm2LBeS_t93Xg,9mCy_X02FWv9drfap1coYg,Larissa G.
cPWAmaLJLwzLTx_wxoztdg,https://www.yelp.com/biz/lapamaki-ipanema-rio-de-janeiro?adjust_creative=ZaFQ4_OiriT3AVd55N_QPg&hrid=cPWAmaLJLwzLTx_wxoztdg&utm_campaign=yelp_api_v3&utm_medium=api_v3_business_reviews&utm_source=ZaFQ4_OiriT3AVd55N_QPg,"We loved it here so much. A charming little gem, we liked it better than Manekineko. The food was some of the best sushi we have ever had. The service was...",5,2020-02-03 06:15:55,a7BOpvI1zbJy1WZbexaLNg,1EzIbLX2ZGvF1assz8x9TA,Kayla F.
U-hTYU9Fvb23vAUlVE_44w,https://www.yelp.com/biz/lapamaki-ipanema-rio-de-janeiro?adjust_creative=ZaFQ4_OiriT3AVd55N_QPg&hrid=U-hTYU9Fvb23vAUlVE_44w&utm_campaign=yelp_api_v3&utm_medium=api_v3_business_reviews&utm_source=ZaFQ4_OiriT3AVd55N_QPg,"My family and I had the best experience here tonight! We received free appetizers on the house, and the sushi was so delicious. Wasn't sure what to expect...",5,2018-06-29 16:26:51,a7BOpvI1zbJy1WZbexaLNg,McRl2dlDU8gVhVu_Oc-Z7Q,Taylor S.
VvK3DYn8ewS_fG5n7CKvCw,https://www.yelp.com/biz/lapamaki-ipanema-rio-de-janeiro?adjust_creative=ZaFQ4_OiriT3AVd55N_QPg&hrid=VvK3DYn8ewS_fG5n7CKvCw&utm_campaign=yelp_api_v3&utm_medium=api_v3_business_reviews&utm_source=ZaFQ4_OiriT3AVd55N_QPg,"Ooh yeah great spot.  Smallish cuts of fish but the prices are low, so it's a good value.  Pic is of 40R$/$10US for a nice combo sushi/nigiri.  Leaving this...",5,2018-10-03 17:47:33,a7BOpvI1zbJy1WZbexaLNg,JGGSxfGyUv3rvYpwtKy9Yw,G M.
48d2ym6BYYBJKx24uWNjiQ,https://www.yelp.com/biz/angu-do-gomes-rio-de-janeiro?adjust_creative=ZaFQ4_OiriT3AVd55N_QPg&hrid=48d2ym6BYYBJKx24uWNjiQ&utm_campaign=yelp_api_v3&utm_medium=api_v3_business_reviews&utm_source=ZaFQ4_OiriT3AVd55N_QPg,Pedra do Sal is an interesting open air area that was once a slave market but has since been transformed into a street party every Monday night. Angu do...,4,2015-06-22 17:16:53,FHvx-NeDSNZ9BFimLzoIUg,h3WYXA8nX5EV55u-P3y7Ew,Charles L.
kNFB9BuiLBccorUaLgI4pA,https://www.yelp.com/biz/paris-6-rio-de-janeiro?adjust_creative=ZaFQ4_OiriT3AVd55N_QPg&hrid=kNFB9BuiLBccorUaLgI4pA&utm_campaign=yelp_api_v3&utm_medium=api_v3_business_reviews&utm_source=ZaFQ4_OiriT3AVd55N_QPg,"Nice scenario and decoration. Open 24h as I heard. The desserts are awesome. The food is ok, no complains. Would comeback just for dessert ....",4,2022-07-18 13:41:23,wBQBlJgWwZtBF992CctGkQ,zGRNveEsuO6qE-rNQcOg1g,Ricardo M.
GfPLHA2i2qyYPBhY3mXzjg,https://www.yelp.com/biz/paris-6-rio-de-janeiro?adjust_creative=ZaFQ4_OiriT3AVd55N_QPg&hrid=GfPLHA2i2qyYPBhY3mXzjg&utm_campaign=yelp_api_v3&utm_medium=api_v3_business_reviews&utm_source=ZaFQ4_OiriT3AVd55N_QPg,If you are looking for tasty food Paris 6 is definitely not the place to go. The food here is blend. We ordered a Salmon Tartare for an appetizer which...,3,2014-08-17 06:05:21,wBQBlJgWwZtBF992CctGkQ,TRuXAggLKgNCzbJQGw0zSA,George M.
q-AXbdCWaUIRcRcdHR1-Dg,https://www.yelp.com/biz/casa-graviola-rio-de-janeiro?adjust_creative=ZaFQ4_OiriT3AVd55N_QPg&hrid=q-AXbdCWaUIRcRcdHR1-Dg&utm_campaign=yelp_api_v3&utm_medium=api_v3_business_reviews&utm_source=ZaFQ4_OiriT3AVd55N_QPg,"Healthy, fresh, creative, picturesque! Loved this place. A lot of millennial and Gen Z vibes. I had the grilled veggie platter with a side of tuna - it was...",5,2020-12-16 13:04:53,hSCqZbbZCTJ6oEtCCjVYPg,DTKuc_AfULkcXXkcFraYiw,Peixin M.
ydwpmqGa0CIHV43KpVEhBg,https://www.yelp.com/biz/casa-graviola-rio-de-janeiro?adjust_creative=ZaFQ4_OiriT3AVd55N_QPg&hrid=ydwpmqGa0CIHV43KpVEhBg&utm_campaign=yelp_api_v3&utm_medium=api_v3_business_reviews&utm_source=ZaFQ4_OiriT3AVd55N_QPg,"Organic, natural, healthy Brazilian food in a hip, eco-conscious, and relaxed setting. Friendly vibe too and the staff enjoys speaking English :)

They have...",5,2018-07-29 08:47:57,hSCqZbbZCTJ6oEtCCjVYPg,uIjj7EIVBU4kGNgmKPO02A,Israel G.
wEgvdWF4EOvc-OqiQrV0vg,https://www.yelp.com/biz/casa-graviola-rio-de-janeiro?adjust_creative=ZaFQ4_OiriT3AVd55N_QPg&hrid=wEgvdWF4EOvc-OqiQrV0vg&utm_campaign=yelp_api_v3&utm_medium=api_v3_business_reviews&utm_source=ZaFQ4_OiriT3AVd55N_QPg,"Graviola is a very charming restaurant located in the heart of Leblon. With an extensive menu of healthy/natural food and amazing juices (and açaí), this is...",4,2018-12-17 18:43:54,hSCqZbbZCTJ6oEtCCjVYPg,kF60WLpDwS_ZPRZwB-5_xA,David N.
R_Mza2Xog6mKaD35-8PjjQ,https://www.yelp.com/biz/faenza-rio-de-janeiro-2?adjust_creative=ZaFQ4_OiriT3AVd55N_QPg&hrid=R_Mza2Xog6mKaD35-8PjjQ&utm_campaign=yelp_api_v3&utm_medium=api_v3_business_reviews&utm_source=ZaFQ4_OiriT3AVd55N_QPg,"Delicious steak with gorgonzola cheese. Yummy pasta, and amazing bruschetta. If you order a suco (juice) here, make sure to ask that it has sugar, otherwise...",4,2020-01-05 16:16:59,kPHU2lK4TDCMa1IVAKGHFw,BD6Fi7OhyayGEkHPmG3Qlw,Ashley A.
rhoL9I5fzXIawjh32WyXxg,https://www.yelp.com/biz/faenza-rio-de-janeiro-2?adjust_creative=ZaFQ4_OiriT3AVd55N_QPg&hrid=rhoL9I5fzXIawjh32WyXxg&utm_campaign=yelp_api_v3&utm_medium=api_v3_business_reviews&utm_source=ZaFQ4_OiriT3AVd55N_QPg,How do I start....Pizza is mediocre at best. Slow service as they are both trying to do a delivery service as well as rodízio at the same time...the food is...,2,2017-10-29 15:10:04,kPHU2lK4TDCMa1IVAKGHFw,pRdTBODqwkRx2X2TG2-WrQ,Michael C.
6Cn3iKvZRpqH82pwKPXrUA,https://www.yelp.com/biz/faenza-rio-de-janeiro-2?adjust_creative=ZaFQ4_OiriT3AVd55N_QPg&hrid=6Cn3iKvZRpqH82pwKPXrUA&utm_campaign=yelp_api_v3&utm_medium=api_v3_business_reviews&utm_source=ZaFQ4_OiriT3AVd55N_QPg,"Pizza is good. Ambiance is good. Very good service, staff is great. Drinks are good. Not sure if prices are good since the drinks impaired my ability to...",4,2014-07-16 16:32:59,kPHU2lK4TDCMa1IVAKGHFw,wCdVmMq591PJFIC0ordtXQ,Dale A.
TbDUnBIaIiv16r6B16T09w,https://www.yelp.com/biz/garota-rio-de-janeiro?adjust_creative=ZaFQ4_OiriT3AVd55N_QPg&hrid=TbDUnBIaIiv16r6B16T09w&utm_campaign=yelp_api_v3&utm_medium=api_v3_business_reviews&utm_source=ZaFQ4_OiriT3AVd55N_QPg,"Yummy yummy in my tummy. This place is very close to my school in Urca so I often come here for lunch. For lunch, they have daily specials for very cheap. I...",5,2015-07-29 09:04:16,scL0RzNDi0oP7GIOS0GnJw,WqI0F3rRYTiH_XlxxOlDvQ,Avery K.
VvuqcfkfE59Gvcd-yeXoDw,https://www.yelp.com/biz/garota-rio-de-janeiro?adjust_creative=ZaFQ4_OiriT3AVd55N_QPg&hrid=VvuqcfkfE59Gvcd-yeXoDw&utm_campaign=yelp_api_v3&utm_medium=api_v3_business_reviews&utm_source=ZaFQ4_OiriT3AVd55N_QPg,"Splendid !
Steogonofi was splendid- chicken , rice , mushrooms and creamy soft curry like sauce on top with baked potato slices.
Caipirinhas are small but...",4,2018-11-07 16:09:07,scL0RzNDi0oP7GIOS0GnJw,uiSM831U4Ly0xkLl2pLDVw,Francisco L.
pXUND_Fj-KsKMolGWTHriA,https://www.yelp.com/biz/garota-rio-de-janeiro?adjust_creative=ZaFQ4_OiriT3AVd55N_QPg&hrid=pXUND_Fj-KsKMolGWTHriA&utm_campaign=yelp_api_v3&utm_medium=api_v3_business_reviews&utm_source=ZaFQ4_OiriT3AVd55N_QPg,"This is my favorite restaurant in Rio! The picanha was perfect, especially because we finish cooking it at the table, which is perfect for sharing. Oh and...",5,2016-02-12 10:15:14,scL0RzNDi0oP7GIOS0GnJw,ZOmlXwK7pWGjzQGIBhB5qA,Marquisha L.
Pz5ryc-HM-pZX8RCVFCufw,https://www.yelp.com/biz/bar-trope%C3%A7o-rio-de-janeiro?adjust_creative=ZaFQ4_OiriT3AVd55N_QPg&hrid=Pz5ryc-HM-pZX8RCVFCufw&utm_campaign=yelp_api_v3&utm_medium=api_v3_business_reviews&utm_source=ZaFQ4_OiriT3AVd55N_QPg,"Nice place.  Average price is around 28 reales for a salmon plate with fries and rice.  
We also had the chicken plate that was around the same price....",4,2015-07-08 13:03:56,7kzvkvZnKBCvWXwDAIn-Jw,WHTINUrvURr1dyzvHSyyGw,Sergio G.
RIur2KwadQNKq22JlGtaCQ,https://www.yelp.com/biz/bar-trope%C3%A7o-rio-de-janeiro?adjust_creative=ZaFQ4_OiriT3AVd55N_QPg&hrid=RIur2KwadQNKq22JlGtaCQ&utm_campaign=yelp_api_v3&utm_medium=api_v3_business_reviews&utm_source=ZaFQ4_OiriT3AVd55N_QPg,"Degrau is a very old restaurant in town, and a very traditional place in leblon. The food and the service are good.",4,2014-08-04 14:42:25,7kzvkvZnKBCvWXwDAIn-Jw,kLtoDgHQXAvfwTbbc3OIdg,Isabel S.
pan3CE7JU5kRuYC3FpKqXw,https://www.yelp.com/biz/habibs-quiosque-rio-de-janeiro?adjust_creative=ZaFQ4_OiriT3AVd55N_QPg&hrid=pan3CE7JU5kRuYC3FpKqXw&utm_campaign=yelp_api_v3&utm_medium=api_v3_business_reviews&utm_source=ZaFQ4_OiriT3AVd55N_QPg,"So I would call these mini pizzas but shhh don't tell a Brazilian that! 

This location is right on the copacabana beach area and it's outdoor seating....",4,2020-04-22 00:24:42,E05BBj-2k1cn-FGUngwG0Q,c_YjHxlnDARw6UothG05sg,Kandis J.
AFolIKQ3zQT-kdngTfzgmg,https://www.yelp.com/biz/restaurante-siri-rio-de-janeiro-8?adjust_creative=ZaFQ4_OiriT3AVd55N_QPg&hrid=AFolIKQ3zQT-kdngTfzgmg&utm_campaign=yelp_api_v3&utm_medium=api_v3_business_reviews&utm_source=ZaFQ4_OiriT3AVd55N_QPg,If you're wanting to taste some amazing fish in Brazil then you have got to come here! I've had two meals here and both were great. We ordered enpanado with...,5,2017-07-15 17:57:26,qM78oDSyhwZN1XCVX3yvlQ,8A5XHVGSlFIOOC1WgbaVMg,rebekah s.
PKaZlRGd-tupIN5jQK_qtg,https://www.yelp.com/biz/madero-rio-de-janeiro?adjust_creative=ZaFQ4_OiriT3AVd55N_QPg&hrid=PKaZlRGd-tupIN5jQK_qtg&utm_campaign=yelp_api_v3&utm_medium=api_v3_business_reviews&utm_source=ZaFQ4_OiriT3AVd55N_QPg,Great option if you're shopping and need a good bite to eat. The place was packed but we were able to grab a table. They had tvs and it was a bit loud but...,4,2023-04-28 15:32:28,DRzHjQ_HnY2quHf7vcCp5A,9jDC8hjrEqYGm4Ju6IJjyw,Liz R.
zzax_ouRsgPWyZt-yxFZ6g,https://www.yelp.com/biz/madero-rio-de-janeiro?adjust_creative=ZaFQ4_OiriT3AVd55N_QPg&hrid=zzax_ouRsgPWyZt-yxFZ6g&utm_campaign=yelp_api_v3&utm_medium=api_v3_business_reviews&utm_source=ZaFQ4_OiriT3AVd55N_QPg,"I would have liked to rate them as a 3.5. Decent burger and reasonable prices, especially at happy hour (Monday to Friday from 5 to 8pm). My burger was a...",4,2022-01-17 15:59:31,DRzHjQ_HnY2quHf7vcCp5A,RD365MaKbCCjpZQ2KkxROg,Alex H.
JAATF5t1Aoqcj08s1zUOGg,https://www.yelp.com/biz/caravela-do-visconde-rio-de-janeiro-2?adjust_creative=ZaFQ4_OiriT3AVd55N_QPg&hrid=JAATF5t1Aoqcj08s1zUOGg&utm_campaign=yelp_api_v3&utm_medium=api_v3_business_reviews&utm_source=ZaFQ4_OiriT3AVd55N_QPg,"Definitely the best picanha I have ever eaten in a restaurant in Rio, and I'm from here! 
The meat melts into your mouth and the portions are big, they are...",5,2017-01-09 09:59:49,SjxyJQTdwsKyUgiQ-yoqAw,2Hau6BWPr4hd0xnuNmK-8w,Rafael O.
NFQVCHtsCKtFUTfBzx01XA,https://www.yelp.com/biz/caravela-do-visconde-rio-de-janeiro-2?adjust_creative=ZaFQ4_OiriT3AVd55N_QPg&hrid=NFQVCHtsCKtFUTfBzx01XA&utm_campaign=yelp_api_v3&utm_medium=api_v3_business_reviews&utm_source=ZaFQ4_OiriT3AVd55N_QPg,"Good food, bad service. As with many steakhouses in Rio, none of the meat dishes come with any kind of salad or vegetables--only rice and French fries. A...",2,2015-02-09 05:47:19,SjxyJQTdwsKyUgiQ-yoqAw,jvpYXd5wQwqJFM3hj1DRBA,Paul K.
45PYn1Iv4VnYt8bg5wXy3g,https://www.yelp.com/biz/caravela-do-visconde-rio-de-janeiro-2?adjust_creative=ZaFQ4_OiriT3AVd55N_QPg&hrid=45PYn1Iv4VnYt8bg5wXy3g&utm_campaign=yelp_api_v3&utm_medium=api_v3_business_reviews&utm_source=ZaFQ4_OiriT3AVd55N_QPg,They don't speak a lick of English. But they make up for it with their warm hearts and their amazing food. This was my second time here in a week. I might...,5,2016-09-12 09:33:39,SjxyJQTdwsKyUgiQ-yoqAw,neLIGiGoNhjdNRmbDWi8_Q,Rony J.
Ff8ejOKayt0jhQShNovXQQ,https://www.yelp.com/biz/kimura-culin%C3%A1ria-japonesa-rio-de-janeiro?adjust_creative=ZaFQ4_OiriT3AVd55N_QPg&hrid=Ff8ejOKayt0jhQShNovXQQ&utm_campaign=yelp_api_v3&utm_medium=api_v3_business_reviews&utm_source=ZaFQ4_OiriT3AVd55N_QPg,"Here's an all you can eat restaurant. 
Depending on the day, the price varies to 57 to 67 reais. 

They'll serve you a delicious welcome roll and will give...",4,2014-04-05 10:26:04,JMdWzbeo7ndBM1NVaKstTw,h32-KvTtVN5LNkI-B-nR0A,Victor C.
g4a7kRqmwA-4eqCnPrgTUw,https://www.yelp.com/biz/meating-homemade-rio-de-janeiro?adjust_creative=ZaFQ4_OiriT3AVd55N_QPg&hrid=g4a7kRqmwA-4eqCnPrgTUw&utm_campaign=yelp_api_v3&utm_medium=api_v3_business_reviews&utm_source=ZaFQ4_OiriT3AVd55N_QPg,"Far away from being the best burger in Rio. The burger is extremely greasy and the aioli sauce is not so consistent, what combined with the grease, makes...",2,2017-07-31 16:19:33,lkG7qjInbWDRnjmG5xsNMQ,8pYTwAMZzoYqA2437nRJkw,Rodrigo S.
jDxxSMV8bbl1MDK4jIcpdA,https://www.yelp.com/biz/meating-homemade-rio-de-janeiro?adjust_creative=ZaFQ4_OiriT3AVd55N_QPg&hrid=jDxxSMV8bbl1MDK4jIcpdA&utm_campaign=yelp_api_v3&utm_medium=api_v3_business_reviews&utm_source=ZaFQ4_OiriT3AVd55N_QPg,"A Cross between 5 Guys and Smash Burger. Patties were thick and juicy, a messy but good burger.  Fries were crisp and the combo is worth the R$35 with a...",4,2017-12-28 05:25:29,lkG7qjInbWDRnjmG5xsNMQ,8s26l0Y9a4inPPvWuAfs9g,Marc M.
clLk5nEc7XE_hsRQ-tAnNw,https://www.yelp.com/biz/meating-homemade-rio-de-janeiro?adjust_creative=ZaFQ4_OiriT3AVd55N_QPg&hrid=clLk5nEc7XE_hsRQ-tAnNw&utm_campaign=yelp_api_v3&utm_medium=api_v3_business_reviews&utm_source=ZaFQ4_OiriT3AVd55N_QPg,"Small burger joint with some tasty burgers!
Meating is a small burger joint with basically 3 types of burgers prepared with great and tasty meat.
Nothing...",4,2015-04-21 11:00:07,lkG7qjInbWDRnjmG5xsNMQ,-jOzBEh2NreQeupAGMv-pQ,Fabio N.
y9-BHga65B9r0k1na4N9yA,https://www.yelp.com/biz/capad%C3%B3cia-rio-de-janeiro?adjust_creative=ZaFQ4_OiriT3AVd55N_QPg&hrid=y9-BHga65B9r0k1na4N9yA&utm_campaign=yelp_api_v3&utm_medium=api_v3_business_reviews&utm_source=ZaFQ4_OiriT3AVd55N_QPg,I have seen so many compliments about the quality of food served at lunch time that I have decided to try the breakfast from Capadócia. Their most popular...,5,2015-04-30 06:13:45,HWMxz6Ap2l85dHbHpzJwqA,SLjKDT1dx1EURT4zOwBZ2Q,Daniel C.
9glia50oyL6S6Fu4CLxyVQ,https://www.yelp.com/biz/capad%C3%B3cia-rio-de-janeiro?adjust_creative=ZaFQ4_OiriT3AVd55N_QPg&hrid=9glia50oyL6S6Fu4CLxyVQ&utm_campaign=yelp_api_v3&utm_medium=api_v3_business_reviews&utm_source=ZaFQ4_OiriT3AVd55N_QPg,"Great lunch spot if you're working in Centro Rio de Janeiro. It's a kilo place where you get a plate, fill it with food and they weigh it and charge you by...",4,2014-08-13 09:49:47,HWMxz6Ap2l85dHbHpzJwqA,FfJ1cYDbzdHyrd0nc7Hifw,Jinny K.
OuGslDjAcarUnN2Rniez3g,https://www.yelp.com/biz/banana-tropical-rio-de-janeiro?adjust_creative=ZaFQ4_OiriT3AVd55N_QPg&hrid=OuGslDjAcarUnN2Rniez3g&utm_campaign=yelp_api_v3&utm_medium=api_v3_business_reviews&utm_source=ZaFQ4_OiriT3AVd55N_QPg,Small non-pretentious cafe bar and buffet style restaurant.  Friendly owner who in spite of his limited English did his best to make me feel welcome and...,4,2019-10-12 10:39:26,ZQ7hgeZ1_fS7AICv5wX0Lg,B3W7SqyTCM3ocvB5oaqEpg,Gary G.
JPToyoyVO-8QubBOMUyAUA,https://www.yelp.com/biz/lapamaki-rio-de-janeiro-4?adjust_creative=ZaFQ4_OiriT3AVd55N_QPg&hrid=JPToyoyVO-8QubBOMUyAUA&utm_campaign=yelp_api_v3&utm_medium=api_v3_business_reviews&utm_source=ZaFQ4_OiriT3AVd55N_QPg,"This place (renamed Yapa Mak, formerly Lapamaki) offers different sushi options, including buffet style, lunch special, and regular a la carte. We ordered...",4,2020-12-23 09:32:25,5v0LCTu3SUfaX9rBeyE-oQ,DTKuc_AfULkcXXkcFraYiw,Peixin M.
fnLWCGnlaYzZjpSwdJUeqw,https://www.yelp.com/biz/lapamaki-rio-de-janeiro-4?adjust_creative=ZaFQ4_OiriT3AVd55N_QPg&hrid=fnLWCGnlaYzZjpSwdJUeqw&utm_campaign=yelp_api_v3&utm_medium=api_v3_business_reviews&utm_source=ZaFQ4_OiriT3AVd55N_QPg,"Not a cheap place, but one of the few restaurants that will accommodate vegans and vegetarians. There are some a la carte veggie appetizers, like sauteed...",4,2016-12-09 14:52:25,5v0LCTu3SUfaX9rBeyE-oQ,fZaWWxwwHGtH-8Vhx7qE_Q,Ute L.
1_n0IkXzEVey6un7iRt_CQ,https://www.yelp.com/biz/lapamaki-rio-de-janeiro-4?adjust_creative=ZaFQ4_OiriT3AVd55N_QPg&hrid=1_n0IkXzEVey6un7iRt_CQ&utm_campaign=yelp_api_v3&utm_medium=api_v3_business_reviews&utm_source=ZaFQ4_OiriT3AVd55N_QPg,"My salmon sashimi (10 pieces) melted in my mouth, just like it's supposed to. My California Rolls were quite good. (They substituted mango for avocado. But,...",4,2015-12-04 10:01:24,5v0LCTu3SUfaX9rBeyE-oQ,U3lllVV6fSrgTW1SHrvjig,Dluxe B.
uS23Wp78dXtAXdecqPIpeg,https://www.yelp.com/biz/seu-pires-rio-de-janeiro?adjust_creative=ZaFQ4_OiriT3AVd55N_QPg&hrid=uS23Wp78dXtAXdecqPIpeg&utm_campaign=yelp_api_v3&utm_medium=api_v3_business_reviews&utm_source=ZaFQ4_OiriT3AVd55N_QPg,The place is good to meet college students and drink during the day and early night. The Brazilian food is ok and the price is good.,2,2013-10-29 08:26:59,A97KW3nmlAZ-_4vFjRZg7g,daW0Jk29tQQaDq2m_UxcTA,Joao J.
Eee2EyfTENgOcuQ4MTLiIA,https://www.yelp.com/biz/verdin-rio-de-janeiro?adjust_creative=ZaFQ4_OiriT3AVd55N_QPg&hrid=Eee2EyfTENgOcuQ4MTLiIA&utm_campaign=yelp_api_v3&utm_medium=api_v3_business_reviews&utm_source=ZaFQ4_OiriT3AVd55N_QPg,"Usually when someone says 'fast food', that means unhealthy food. At Verdin, it is the opposite. They have a ton of healthy options in ready-to-go...",4,2016-06-03 18:34:58,gGrv-7AgG9bdBHOvLyboZA,SKMGhF_bG1KqDoaDKFlkXw,Krystee M.
HzwWF8H6lbocWVxdZGWbYg,https://www.yelp.com/biz/verdin-rio-de-janeiro?adjust_creative=ZaFQ4_OiriT3AVd55N_QPg&hrid=HzwWF8H6lbocWVxdZGWbYg&utm_campaign=yelp_api_v3&utm_medium=api_v3_business_reviews&utm_source=ZaFQ4_OiriT3AVd55N_QPg,"Similar concept to Jaee in that they have salads, juices, and main meals ready to pick up and go (though there were a few tables if you'd prefer to stay and...",4,2015-08-03 09:48:16,gGrv-7AgG9bdBHOvLyboZA,g-mL-8J1_9iuDLUhyTzvmg,Nathalie L.
znoqwN_imWoVwq8DkmCX5w,https://www.yelp.com/biz/verdin-rio-de-janeiro?adjust_creative=ZaFQ4_OiriT3AVd55N_QPg&hrid=znoqwN_imWoVwq8DkmCX5w&utm_campaign=yelp_api_v3&utm_medium=api_v3_business_reviews&utm_source=ZaFQ4_OiriT3AVd55N_QPg,"This petite restaurant is ideal for anyone looking for a quick and really healthy bite. Verdin specializes in all things organic, gluten-free, vegetarian,...",4,2015-09-15 14:03:30,gGrv-7AgG9bdBHOvLyboZA,RgDVC3ZUBqpEe6Y1kPhIpw,Monica S.
K62fFO-mNHHnZsmoNf79ow,https://www.yelp.com/biz/restaurante-os-esquilos-rio-de-janeiro-2?adjust_creative=ZaFQ4_OiriT3AVd55N_QPg&hrid=K62fFO-mNHHnZsmoNf79ow&utm_campaign=yelp_api_v3&utm_medium=api_v3_business_reviews&utm_source=ZaFQ4_OiriT3AVd55N_QPg,I would not recommend this restaurant to anyone. It is in a beautiful old house in a very romantic setting in the forest but that is where my enchantment...,2,2016-06-05 15:31:00,jKRZ1ZqJCA22wN6jG1NV3Q,wkArw4g7VfSA9A30giMqlg,Lizzy M.
UZPkzxIAJdPhx09yGKGfhw,https://www.yelp.com/biz/san-izakaya-rio-de-janeiro?adjust_creative=ZaFQ4_OiriT3AVd55N_QPg&hrid=UZPkzxIAJdPhx09yGKGfhw&utm_campaign=yelp_api_v3&utm_medium=api_v3_business_reviews&utm_source=ZaFQ4_OiriT3AVd55N_QPg,This is by far some of the best sushi I've had. The fish was so fresh and melted in my mouth! Can't recommend this place enough if you're in the mood for...,5,2023-08-07 18:53:35,i4g5kuVxAtUQpxkaeo_KMw,zEFvs9OUYzsGAkM_l208oA,Nina D.
AU7-mYwNS1wqTU7zfO5tQw,https://www.yelp.com/biz/san-izakaya-rio-de-janeiro?adjust_creative=ZaFQ4_OiriT3AVd55N_QPg&hrid=AU7-mYwNS1wqTU7zfO5tQw&utm_campaign=yelp_api_v3&utm_medium=api_v3_business_reviews&utm_source=ZaFQ4_OiriT3AVd55N_QPg,"Não desperdice seu dinheiro. A comida é desagradável. O copo estava sujo e o prato em que eles serviram minha comida estava quebrado. Se você não beber, não...",1,2022-04-22 18:36:38,i4g5kuVxAtUQpxkaeo_KMw,knItVpBZkcZ4NElTA4PsDg,Marguerite S.
ggLY2vZCIzCRkI0ezal_NA,https://www.yelp.com/biz/san-izakaya-rio-de-janeiro?adjust_creative=ZaFQ4_OiriT3AVd55N_QPg&hrid=ggLY2vZCIzCRkI0ezal_NA&utm_campaign=yelp_api_v3&utm_medium=api_v3_business_reviews&utm_source=ZaFQ4_OiriT3AVd55N_QPg,This place was quaint and charming. Set up like a traditional Japanese sushi bar where people sit all around one main area where the servers walk and the...,4,2019-06-03 13:32:43,i4g5kuVxAtUQpxkaeo_KMw,TSlD3mDEjStDX2MdhC3nww,Julie N.
CY1ZOfVg9fyWrKBcqOvhkw,https://www.yelp.com/biz/don-camillo-rio-de-janeiro-2?adjust_creative=ZaFQ4_OiriT3AVd55N_QPg&hrid=CY1ZOfVg9fyWrKBcqOvhkw&utm_campaign=yelp_api_v3&utm_medium=api_v3_business_reviews&utm_source=ZaFQ4_OiriT3AVd55N_QPg,Great place. The shrimp risotto was great. The daily dishes looked delicious. I would highly recommend this restaurant.,5,2023-09-30 12:35:06,UpggFiVH-lYq6_xHi-CkMA,RcaVaKSc2QTervx3faeciQ,Al R.
jklDk0bzXotrOX9b96yQkg,https://www.yelp.com/biz/don-camillo-rio-de-janeiro-2?adjust_creative=ZaFQ4_OiriT3AVd55N_QPg&hrid=jklDk0bzXotrOX9b96yQkg&utm_campaign=yelp_api_v3&utm_medium=api_v3_business_reviews&utm_source=ZaFQ4_OiriT3AVd55N_QPg,"Since my trip to Italy, I have been very picky when it comes to finding authentic Italian cuisine. One evening during my trip to Rio in Copacabana, my...",5,2019-03-13 09:19:29,UpggFiVH-lYq6_xHi-CkMA,S_sjk3VaHAe5cb2tFbquGw,Averri L.
bNIjHzl7yAJBQzw-HspzIw,https://www.yelp.com/biz/don-camillo-rio-de-janeiro-2?adjust_creative=ZaFQ4_OiriT3AVd55N_QPg&hrid=bNIjHzl7yAJBQzw-HspzIw&utm_campaign=yelp_api_v3&utm_medium=api_v3_business_reviews&utm_source=ZaFQ4_OiriT3AVd55N_QPg,"Brazilian hospitality doesn't invoke those warm fuzzies. Rather the charm comes from that gruff, no beating around the bush attitude. It's kinda like the...",1,2017-12-20 15:18:09,UpggFiVH-lYq6_xHi-CkMA,rhAqEgOD2jB7EdYwK6Z7Hw,Dave Y.
tt9xsRNQNGCdG-imcNJKAg,https://www.yelp.com/biz/frederico-rio-de-janeiro?adjust_creative=ZaFQ4_OiriT3AVd55N_QPg&hrid=tt9xsRNQNGCdG-imcNJKAg&utm_campaign=yelp_api_v3&utm_medium=api_v3_business_reviews&utm_source=ZaFQ4_OiriT3AVd55N_QPg,"Excellent food, small place. the owner is an elder Lady from the state of Minas Gerais and is very hospital",5,2016-01-06 08:02:01,N_erh4NxPZdQ1rxhtR_jpw,9MZyQkCXbdnTXbofBvNBYg,Stefan K.
E7N9R2vPJIBx9rs6CbLnjQ,https://www.yelp.com/biz/outback-steakhouse-rio-de-janeiro-12?adjust_creative=ZaFQ4_OiriT3AVd55N_QPg&hrid=E7N9R2vPJIBx9rs6CbLnjQ&utm_campaign=yelp_api_v3&utm_medium=api_v3_business_reviews&utm_source=ZaFQ4_OiriT3AVd55N_QPg,"Outback is one of my favorite steakhouses in Rio de Janeiro and fortunately there are many locations to enjoy Ribs on the Barbie, delicious onion rings, or...",5,2014-10-27 16:45:59,eQse8bz38t3H0sfOPOvLPw,pMkKWNuo4QNre7s3k0M3hQ,Yordy R.
5dciacW1B1ukOpK9s9qudQ,https://www.yelp.com/biz/outback-steakhouse-rio-de-janeiro-12?adjust_creative=ZaFQ4_OiriT3AVd55N_QPg&hrid=5dciacW1B1ukOpK9s9qudQ&utm_campaign=yelp_api_v3&utm_medium=api_v3_business_reviews&utm_source=ZaFQ4_OiriT3AVd55N_QPg,"Recently dined at this Outback Steakhouse in the Shopping Nova America with my husband and our host in Rio, who lives in the nearby Piedade neighborhood....",4,2015-05-09 12:21:55,eQse8bz38t3H0sfOPOvLPw,747lP4p8dUD6RTkcsIaSGg,Rob M.
J53wrlFYtQnIhJMow-vkBA,https://www.yelp.com/biz/cultivar-brasil-rio-de-janeiro?adjust_creative=ZaFQ4_OiriT3AVd55N_QPg&hrid=J53wrlFYtQnIhJMow-vkBA&utm_campaign=yelp_api_v3&utm_medium=api_v3_business_reviews&utm_source=ZaFQ4_OiriT3AVd55N_QPg,"Amazing açaí and pan de queijo. The pan de queijo here is some of the best I've had in rio. Menu is small, service is quick, quality is great.",5,2023-02-19 08:43:58,YEe_omciiflArH3cBNLfJA,OsqFyz9huyc65aSkVSoGZQ,Lauren C.
ZWdzo0h07awxUtmhbiQjEg,https://www.yelp.com/biz/cultivar-brasil-rio-de-janeiro?adjust_creative=ZaFQ4_OiriT3AVd55N_QPg&hrid=ZWdzo0h07awxUtmhbiQjEg&utm_campaign=yelp_api_v3&utm_medium=api_v3_business_reviews&utm_source=ZaFQ4_OiriT3AVd55N_QPg,The secret is out! My tour guide took me to this place for the cheese bread. The cheese bread is so good! Yes this bread is leaps ahead of other...,5,2022-10-18 17:06:39,YEe_omciiflArH3cBNLfJA,vl0MWi4rQaPG22OjWmG7jg,Stephen J.
ylclHw1xy47qpKhOG3f_TA,https://www.yelp.com/biz/cultivar-brasil-rio-de-janeiro?adjust_creative=ZaFQ4_OiriT3AVd55N_QPg&hrid=ylclHw1xy47qpKhOG3f_TA&utm_campaign=yelp_api_v3&utm_medium=api_v3_business_reviews&utm_source=ZaFQ4_OiriT3AVd55N_QPg,The apartment I rented in Santa Teresa was only a few blocks away so this place became my go to for breakfast. An açaí bowl and 2 cheese bread roughly...,5,2019-06-12 23:51:25,YEe_omciiflArH3cBNLfJA,mtGw8bQTQToVR_1KWD7F7A,Phuong B.
xt7rr69InyBcIwjGgsHmXQ,https://www.yelp.com/biz/yosuki-rio-de-janeiro?adjust_creative=ZaFQ4_OiriT3AVd55N_QPg&hrid=xt7rr69InyBcIwjGgsHmXQ&utm_campaign=yelp_api_v3&utm_medium=api_v3_business_reviews&utm_source=ZaFQ4_OiriT3AVd55N_QPg,"Amazing sushi in Brazil. We had the Roasted Sushi, Spicy Sushi, and the Salmon with Lychee.

It was good to try sushi with a local fruit twist (passion...",5,2015-12-29 17:13:06,WtDJ2SF1DWuH_kqdZ8spew,j9mqr1_BHBj9t_pNdiDd8g,Ida N.
bBZ-adM5cHCyI9Tg5MUHzg,https://www.yelp.com/biz/yosuki-rio-de-janeiro?adjust_creative=ZaFQ4_OiriT3AVd55N_QPg&hrid=bBZ-adM5cHCyI9Tg5MUHzg&utm_campaign=yelp_api_v3&utm_medium=api_v3_business_reviews&utm_source=ZaFQ4_OiriT3AVd55N_QPg,"Great sushi spot for a group.

We ordered the set of 100 pieces. Now let me be clear... this isn't top quality sushi, but it's good enough. No bad...",3,2016-06-17 05:38:00,WtDJ2SF1DWuH_kqdZ8spew,YJRhX3dL8QdS2w326bG5QA,Hansel B.
OEBBpLmwYo2dM3bSD7tB2w,https://www.yelp.com/biz/yosuki-rio-de-janeiro?adjust_creative=ZaFQ4_OiriT3AVd55N_QPg&hrid=OEBBpLmwYo2dM3bSD7tB2w&utm_campaign=yelp_api_v3&utm_medium=api_v3_business_reviews&utm_source=ZaFQ4_OiriT3AVd55N_QPg,"Quite nice. The buffet is good. If u r not sure how much u can eat, better not over-order. Otherwise u will pay 1real for each piece u left on the plate.",4,2016-04-02 12:37:12,WtDJ2SF1DWuH_kqdZ8spew,fMK9wAJIgU88f0IfgD0Nrg,Cindy S.
4MORi295QZbI7J1Oh9e6Ug,https://www.yelp.com/biz/faraj-rio-de-janeiro-2?adjust_creative=ZaFQ4_OiriT3AVd55N_QPg&hrid=4MORi295QZbI7J1Oh9e6Ug&utm_campaign=yelp_api_v3&utm_medium=api_v3_business_reviews&utm_source=ZaFQ4_OiriT3AVd55N_QPg,I was skeptical when my gf said she would be taking me to the best esfiha restaurant and insisted that the Copacabana hole-in-the-wall also had the best...,4,2016-06-21 15:10:45,DqOLQfuFI_seRs9WJRvupg,RgDVC3ZUBqpEe6Y1kPhIpw,Monica S.
zR0LIvde9i2A0d0K2jPdrg,https://www.yelp.com/biz/cantinho-cearense-rio-de-janeiro-2?adjust_creative=ZaFQ4_OiriT3AVd55N_QPg&hrid=zR0LIvde9i2A0d0K2jPdrg&utm_campaign=yelp_api_v3&utm_medium=api_v3_business_reviews&utm_source=ZaFQ4_OiriT3AVd55N_QPg,Truly the best kiosk on the Atlantic ave!! The owner Miguel and his staff are beyond nice!! The food and drinks are amazing! They are clean and also give...,5,2016-01-31 19:37:41,ZAWh8yZlcpf-_mBLgWwFhA,g05jfdQIwe_ANt75NprQkw,Karine L.
cJpvYy-70Yirk3q1EiZ-2A,https://www.yelp.com/biz/cantinho-cearense-rio-de-janeiro-2?adjust_creative=ZaFQ4_OiriT3AVd55N_QPg&hrid=cJpvYy-70Yirk3q1EiZ-2A&utm_campaign=yelp_api_v3&utm_medium=api_v3_business_reviews&utm_source=ZaFQ4_OiriT3AVd55N_QPg,"Amazing food and drinks right on the beach! Foot steps away from our hotel... we've eaten here twice since we got here, and I'm sure it won't be the last....",5,2017-12-03 14:42:36,ZAWh8yZlcpf-_mBLgWwFhA,RMRH60m0cwvq2kboQ0rjHg,Monica G.
9nAfbozXRz5lmcZJoKEZyg,https://www.yelp.com/biz/restaurante-berbig%C3%A3o-rio-de-janeiro-2?adjust_creative=ZaFQ4_OiriT3AVd55N_QPg&hrid=9nAfbozXRz5lmcZJoKEZyg&utm_campaign=yelp_api_v3&utm_medium=api_v3_business_reviews&utm_source=ZaFQ4_OiriT3AVd55N_QPg,"This place is amazing. I loved it so much. I hope to return here the next time I'm in Rio. I recommend the Cherne. 
Isso restante é super-legal. Eu amei...",5,2018-02-16 11:00:50,KAB9rQcM3Cgm2h0J-VktZA,OsA8dGFNBZUD9fwXomt9Bw,Brennan H.
SLSY6KxBRgjyoXSYkOA78Q,https://www.yelp.com/biz/joana-pizza-bar-rio-de-janeiro?adjust_creative=ZaFQ4_OiriT3AVd55N_QPg&hrid=SLSY6KxBRgjyoXSYkOA78Q&utm_campaign=yelp_api_v3&utm_medium=api_v3_business_reviews&utm_source=ZaFQ4_OiriT3AVd55N_QPg,This place is now called Pope Ipanema. It appears to be the same which was good but not great. Dishes are all cooked well and have some interesting spices...,4,2022-02-04 04:45:05,qh-gm8Vbqt33ajuTNxK1MQ,RD365MaKbCCjpZQ2KkxROg,Alex H.
bbHrzRBqLm0Z7TJA7bE3Zw,https://www.yelp.com/biz/joana-pizza-bar-rio-de-janeiro?adjust_creative=ZaFQ4_OiriT3AVd55N_QPg&hrid=bbHrzRBqLm0Z7TJA7bE3Zw&utm_campaign=yelp_api_v3&utm_medium=api_v3_business_reviews&utm_source=ZaFQ4_OiriT3AVd55N_QPg,"A small corner bar with an upscale personality. The drinks are reasonable, but are made very well and presented beautifully. They speak English too! We...",5,2018-12-30 12:14:52,qh-gm8Vbqt33ajuTNxK1MQ,lMem4En6-bYrK99pLCkvww,Tyler C.
QB-QntDNPh0dAeQ9ajZHJA,https://www.yelp.com/biz/joana-pizza-bar-rio-de-janeiro?adjust_creative=ZaFQ4_OiriT3AVd55N_QPg&hrid=QB-QntDNPh0dAeQ9ajZHJA&utm_campaign=yelp_api_v3&utm_medium=api_v3_business_reviews&utm_source=ZaFQ4_OiriT3AVd55N_QPg,Excellent thin crust Neapolitan-style pizza right by Posto 9 in Ipanema! Quick service; you order at the counter and the pizza is fired up in their wood...,5,2018-09-04 16:37:21,qh-gm8Vbqt33ajuTNxK1MQ,x8tvtSyL8eky8njnYzfxHA,San-ja K.
K02QDDAEIw0KjwiEzEyhKw,https://www.yelp.com/biz/antica-osteria-dellangolo-rio-de-janeiro?adjust_creative=ZaFQ4_OiriT3AVd55N_QPg&hrid=K02QDDAEIw0KjwiEzEyhKw&utm_campaign=yelp_api_v3&utm_medium=api_v3_business_reviews&utm_source=ZaFQ4_OiriT3AVd55N_QPg,"This Classic Italian Ipanema restaurant, near Leblon, is worth a detour from wherever you are in Rio.  I had a late lunch (3:30pm) on a Friday in June 2015....",5,2015-06-13 14:56:12,JHHkzBMr7_q5NHIqsKHJ0A,C9PWgq4G1JrLlxQCfeOLEQ,Don A.
Wov8H2HHpwNcKGKBy3xFTw,https://www.yelp.com/biz/oliva-rio-de-janeiro?adjust_creative=ZaFQ4_OiriT3AVd55N_QPg&hrid=Wov8H2HHpwNcKGKBy3xFTw&utm_campaign=yelp_api_v3&utm_medium=api_v3_business_reviews&utm_source=ZaFQ4_OiriT3AVd55N_QPg,this restaurant is located at the food court of the mall BARRA SHOPPING in Rio de Janeiro this spot has a payment style that is different than the usual...,5,2018-01-03 15:15:55,siGHJrnHGljqmNPBm2Aj6w,3GXPuSZNRB7l-EB7LU4IDg,Erica F.
nUaS0WZxds4eRXAow626ow,https://www.yelp.com/biz/sobrenatural-rio-de-janeiro?adjust_creative=ZaFQ4_OiriT3AVd55N_QPg&hrid=nUaS0WZxds4eRXAow626ow&utm_campaign=yelp_api_v3&utm_medium=api_v3_business_reviews&utm_source=ZaFQ4_OiriT3AVd55N_QPg,"A fantastic meal from the drinks, to the appetizers to the entrees.  I came with a group, recommended from a local who raved about the place.  They were...",4,2015-01-05 09:59:00,RGN6nMrsv9zVFpoJtNhSxw,BHfP6H6Lp_rubZbvm1jJgg,Sajeev M.
hBhsvAWKGjqkJiXYDiSsdw,https://www.yelp.com/biz/sobrenatural-rio-de-janeiro?adjust_creative=ZaFQ4_OiriT3AVd55N_QPg&hrid=hBhsvAWKGjqkJiXYDiSsdw&utm_campaign=yelp_api_v3&utm_medium=api_v3_business_reviews&utm_source=ZaFQ4_OiriT3AVd55N_QPg,"Best fish we had in Rio! And price is fair. One important detail though: if you want to stop here for lunch, make sure you are not in a rush. It took the...",4,2015-03-24 15:58:28,RGN6nMrsv9zVFpoJtNhSxw,8IJIrWnGYJkKkWCuWX_nZQ,Clémentine C.
nLfli41nxN7BM1a-EwFRdA,https://www.yelp.com/biz/sobrenatural-rio-de-janeiro?adjust_creative=ZaFQ4_OiriT3AVd55N_QPg&hrid=nLfli41nxN7BM1a-EwFRdA&utm_campaign=yelp_api_v3&utm_medium=api_v3_business_reviews&utm_source=ZaFQ4_OiriT3AVd55N_QPg,"Nice place for seafood, we had a moqueca baiana, which is a meal for two and it was delicious, with shrip and coconut, a bit asian except that it does't...",4,2014-11-23 13:41:09,RGN6nMrsv9zVFpoJtNhSxw,VszRJ2FgFkEEu1WtGqx8Xg,Marijan T.
iPJgD1s52cJSTE3TVcEywQ,https://www.yelp.com/biz/gabbiano-al-mare-rio-de-janeiro?adjust_creative=ZaFQ4_OiriT3AVd55N_QPg&hrid=iPJgD1s52cJSTE3TVcEywQ&utm_campaign=yelp_api_v3&utm_medium=api_v3_business_reviews&utm_source=ZaFQ4_OiriT3AVd55N_QPg,"I feel like there are better places to eat in Rio.

Located in the Sol Ipanema hotel, free wi-fi, beach overlook. Make sure you make a reservation for...",3,2015-03-23 20:52:02,jGa3DbyvKZmwzMLqdo4o6w,lUPSEbFRd3jDOM5agGnjWQ,Jocelyn C.
JoTAZBEZhr7DQxfho-B3tw,https://www.yelp.com/biz/gabbiano-al-mare-rio-de-janeiro?adjust_creative=ZaFQ4_OiriT3AVd55N_QPg&hrid=JoTAZBEZhr7DQxfho-B3tw&utm_campaign=yelp_api_v3&utm_medium=api_v3_business_reviews&utm_source=ZaFQ4_OiriT3AVd55N_QPg,"Ive been here twice, and wasn't sure if I wanted to give it 3 or 4 stars. Restaurant is located on the second floor of the Sol Ipanema Hotel. Everytime ive...",4,2015-02-24 04:28:23,jGa3DbyvKZmwzMLqdo4o6w,52R6YBCMU0yycOHKcnTXhA,Luciana Y.
afxLotuImJKSqfptB5uJwg,https://www.yelp.com/biz/pomodoro-rio-de-janeiro-2?adjust_creative=ZaFQ4_OiriT3AVd55N_QPg&hrid=afxLotuImJKSqfptB5uJwg&utm_campaign=yelp_api_v3&utm_medium=api_v3_business_reviews&utm_source=ZaFQ4_OiriT3AVd55N_QPg,"If you are looking for a kilo place to get lunch, this would be a good option. Their pricing per kilo is a little on the higher end, but they have a good...",4,2014-07-01 03:55:33,gYAw5Wa-dms2JSb6DPLveQ,52R6YBCMU0yycOHKcnTXhA,Luciana Y.
AdvBbpHe1rHegYJZOLxXnA,https://www.yelp.com/biz/clara-caf%C3%A9-rio-de-janeiro?adjust_creative=ZaFQ4_OiriT3AVd55N_QPg&hrid=AdvBbpHe1rHegYJZOLxXnA&utm_campaign=yelp_api_v3&utm_medium=api_v3_business_reviews&utm_source=ZaFQ4_OiriT3AVd55N_QPg,Very charming but simple cafe in laranjeiras. Good To drink some juice and eat some cake in a very calm and tiny place. The pasta is good as well.,4,2015-01-24 20:42:29,SAT5q3u6BVRi03m6gqXN4Q,kLtoDgHQXAvfwTbbc3OIdg,Isabel S.
RQ91ND4PdIc2mSS7k6umyw,https://www.yelp.com/biz/adega-portug%C3%A1lia-rio-de-janeiro?adjust_creative=ZaFQ4_OiriT3AVd55N_QPg&hrid=RQ91ND4PdIc2mSS7k6umyw&utm_campaign=yelp_api_v3&utm_medium=api_v3_business_reviews&utm_source=ZaFQ4_OiriT3AVd55N_QPg,Absurdly delicious. Peixe com mohlo camarão is over the top wonderful. A delicious Gomes da Sa. Bolinho de bacalau were dense and above average. Plus...,5,2015-02-22 18:41:30,5bHcxj7Mi8h5dUU47dBvDA,muRn1PJ80WCQ41CdY1Bc-g,Ron L.
1eqn7awDCFE57h_YzVvxKQ,https://www.yelp.com/biz/gallo-carioca-rio-de-janeiro-2?adjust_creative=ZaFQ4_OiriT3AVd55N_QPg&hrid=1eqn7awDCFE57h_YzVvxKQ&utm_campaign=yelp_api_v3&utm_medium=api_v3_business_reviews&utm_source=ZaFQ4_OiriT3AVd55N_QPg,Just went to check this place out. It recently opened here in the downtown area. Their menu is pretty simple. they have an Executivo section where you can...,4,2015-10-30 08:09:05,YPMQUnMMczX3NxtAWYiO3g,52R6YBCMU0yycOHKcnTXhA,Luciana Y.
kKVU5EiCErksh2CxRigQhw,https://www.yelp.com/biz/pizzeria-la-mamma-rio-de-janeiro?adjust_creative=ZaFQ4_OiriT3AVd55N_QPg&hrid=kKVU5EiCErksh2CxRigQhw&utm_campaign=yelp_api_v3&utm_medium=api_v3_business_reviews&utm_source=ZaFQ4_OiriT3AVd55N_QPg,Great pizza place. Even though they did not speak English they did a good job of communicating with us.  The food was delicious. After the food came to the...,5,2014-04-24 16:04:58,Gih6lSeeopct3RHYSjV9BA,hnESFUbj83przv5L-tyE1Q,k b.
08_XrAHVWDUp8m8kN861AA,https://www.yelp.com/biz/buda-sushi-rio-de-janeiro?adjust_creative=ZaFQ4_OiriT3AVd55N_QPg&hrid=08_XrAHVWDUp8m8kN861AA&utm_campaign=yelp_api_v3&utm_medium=api_v3_business_reviews&utm_source=ZaFQ4_OiriT3AVd55N_QPg,"Good and fresh food, went at this place twice during (carnaval)  my one week visit to Rio de Janeiro. feb 2017
The shrimp yaksoba was delicious. 
My partner...",4,2017-03-21 21:55:31,nzwX2aYTsCEoSn0ZBMFuBg,5DBhAXAzMaOybHV153VrTg,Attention A.
HFgfT9cetg9JU-1tJngpdw,https://www.yelp.com/biz/buda-sushi-rio-de-janeiro?adjust_creative=ZaFQ4_OiriT3AVd55N_QPg&hrid=HFgfT9cetg9JU-1tJngpdw&utm_campaign=yelp_api_v3&utm_medium=api_v3_business_reviews&utm_source=ZaFQ4_OiriT3AVd55N_QPg,"Really very good.  Enjoyed it.  They have an English menu, which is nice, but my sushi places in Chicago don't have one.  Lol.  Wine list is very short....",4,2015-12-28 17:06:44,nzwX2aYTsCEoSn0ZBMFuBg,rn_HqAToMIwvJlCrqn3OAg,Michael A.
Y_ymswp5OUt2epjGK3Z7uQ,https://www.yelp.com/biz/buda-sushi-rio-de-janeiro?adjust_creative=ZaFQ4_OiriT3AVd55N_QPg&hrid=Y_ymswp5OUt2epjGK3Z7uQ&utm_campaign=yelp_api_v3&utm_medium=api_v3_business_reviews&utm_source=ZaFQ4_OiriT3AVd55N_QPg,"Really good sashimi! I had never heard of gunka (sort of like nigiri I guess?) before, but they were the best part. Presentation was beautiful. Restaurant...",4,2016-10-09 13:14:52,nzwX2aYTsCEoSn0ZBMFuBg,_71OLdeo2kpgMs5817eqkQ,David M.
clmNTidNTmp2IjNtON5Bdg,https://www.yelp.com/biz/d-r-i-rio-de-janeiro-2?adjust_creative=ZaFQ4_OiriT3AVd55N_QPg&hrid=clmNTidNTmp2IjNtON5Bdg&utm_campaign=yelp_api_v3&utm_medium=api_v3_business_reviews&utm_source=ZaFQ4_OiriT3AVd55N_QPg,This place never fails to disappoint. Please note that gavea shopping mall is closed on Sundays until noon and then the restaurants open and stores don't...,4,2015-10-11 14:43:46,t8Jaf9hfmkiOx1DXLmUM4A,wZG2xlICfUkJiY1NdPJH2A,Naomi K.
TemTYrElX8gS5rxuFPWAvA,https://www.yelp.com/biz/d-r-i-rio-de-janeiro-2?adjust_creative=ZaFQ4_OiriT3AVd55N_QPg&hrid=TemTYrElX8gS5rxuFPWAvA&utm_campaign=yelp_api_v3&utm_medium=api_v3_business_reviews&utm_source=ZaFQ4_OiriT3AVd55N_QPg,"Having walked by this place several times on our way to the cinema inside Shopping da Gávea, we finally decided to give it a shot. Right off the bat I was...",4,2015-06-22 19:41:18,t8Jaf9hfmkiOx1DXLmUM4A,ghSL2TFWji1QCFixRAKauA,Reese J.
GfE5EFo7uJbTYb2vHwKM0g,https://www.yelp.com/biz/d-r-i-rio-de-janeiro-2?adjust_creative=ZaFQ4_OiriT3AVd55N_QPg&hrid=GfE5EFo7uJbTYb2vHwKM0g&utm_campaign=yelp_api_v3&utm_medium=api_v3_business_reviews&utm_source=ZaFQ4_OiriT3AVd55N_QPg,"This restaurant is located in Gavea Shopping Center, but forget about the fact that it's an indoor restaurant ang give it a try. I have tried pretty much...",5,2014-01-27 08:28:50,t8Jaf9hfmkiOx1DXLmUM4A,soDF6mePh1SuNZI3rN7HPQ,Katrin L.
PkLIJBwxmxguJNYHyNMT0g,https://www.yelp.com/biz/bar-e-restaurante-bismarque-rio-de-janeiro?adjust_creative=ZaFQ4_OiriT3AVd55N_QPg&hrid=PkLIJBwxmxguJNYHyNMT0g&utm_campaign=yelp_api_v3&utm_medium=api_v3_business_reviews&utm_source=ZaFQ4_OiriT3AVd55N_QPg,"I went here on a recommendation for an authentic meal. I went on the feijoada day, which I think is Saturday. It was so good! The meat and beans and every...",4,2015-01-16 11:26:31,R13d8XQZ38zz3zL9K5xhfg,VLFFhie-pOovLi57wIQAYQ,Amber Z.
B8LQNW_B0T6PxjpQpG4MwA,https://www.yelp.com/biz/taberna-atl%C3%A2ntica-rio-de-janeiro?adjust_creative=ZaFQ4_OiriT3AVd55N_QPg&hrid=B8LQNW_B0T6PxjpQpG4MwA&utm_campaign=yelp_api_v3&utm_medium=api_v3_business_reviews&utm_source=ZaFQ4_OiriT3AVd55N_QPg,"When you're tired of aimlessly walking up and down Copacabana, stop by Taberna Atlantica and enjoy the food. Their menu offers a little bit of everything....",4,2018-02-24 13:45:39,ihde51HZdjbZSWIjO8553g,YFV37BezzotlDOZGiAJbbg,Diana G.
lGhQDKThUvxNV_kZifIWgw,https://www.yelp.com/biz/taberna-atl%C3%A2ntica-rio-de-janeiro?adjust_creative=ZaFQ4_OiriT3AVd55N_QPg&hrid=lGhQDKThUvxNV_kZifIWgw&utm_campaign=yelp_api_v3&utm_medium=api_v3_business_reviews&utm_source=ZaFQ4_OiriT3AVd55N_QPg,Good food and nice cold beer for an honest price. It's the only place in Rio seaside that didn't raise prices during the Olympics. I find it's always more...,5,2018-05-26 20:06:59,ihde51HZdjbZSWIjO8553g,QO2YKkoBrsat2zVauNG7Zg,Marton D.
S08r-etEr5ZQm5Kuype5Ag,https://www.yelp.com/biz/spaghettil%C3%A2ndia-rio-de-janeiro?adjust_creative=ZaFQ4_OiriT3AVd55N_QPg&hrid=S08r-etEr5ZQm5Kuype5Ag&utm_campaign=yelp_api_v3&utm_medium=api_v3_business_reviews&utm_source=ZaFQ4_OiriT3AVd55N_QPg,"Freaking delicious!!! I was in rio for a week and I ate here twice and I stayed in copacabana, so I intentionally went back here from the beach. The waiter...",5,2017-07-15 11:48:16,J3lr47mpt5SQ24upZAs1Bg,X81S0lTNr8ZatmNIFNtDWA,Jesse B.
rXQZCYD2WRF_hzk3Ps-UsA,https://www.yelp.com/biz/metr%C3%B3pole-rio-de-janeiro?adjust_creative=ZaFQ4_OiriT3AVd55N_QPg&hrid=rXQZCYD2WRF_hzk3Ps-UsA&utm_campaign=yelp_api_v3&utm_medium=api_v3_business_reviews&utm_source=ZaFQ4_OiriT3AVd55N_QPg,"Good burger, a bit small but really well made. Tried 3 types of beer and liked all.",4,2017-02-25 06:39:54,gYw3wZAyjnTEx3gaIis_CQ,VUd_kigMnBxPyu0jiairzg,Felipe R.
6dL49IQ1yLigrr2-VVRuQA,https://www.yelp.com/biz/restaurante-maxims-rio-de-janeiro?adjust_creative=ZaFQ4_OiriT3AVd55N_QPg&hrid=6dL49IQ1yLigrr2-VVRuQA&utm_campaign=yelp_api_v3&utm_medium=api_v3_business_reviews&utm_source=ZaFQ4_OiriT3AVd55N_QPg,Ok. If you are in copacabana congratulations. Now you have to find a clean place with good options and strong service. This restaurant has excellent views...,3,2022-04-22 11:48:06,fHrTtkwyvXHubox7SETsig,KSz6ZKPL49Ef9QhlkCodgA,Mike M.
4t8YIq8HDpcmU5kZY0djhw,https://www.yelp.com/biz/restaurante-maxims-rio-de-janeiro?adjust_creative=ZaFQ4_OiriT3AVd55N_QPg&hrid=4t8YIq8HDpcmU5kZY0djhw&utm_campaign=yelp_api_v3&utm_medium=api_v3_business_reviews&utm_source=ZaFQ4_OiriT3AVd55N_QPg,"We visited this location on 10/14/2022 after traveling from the US.  We did not know what to expect.  We ordered a variety of dishes Seafood pasta, rice and...",4,2022-10-24 10:45:11,fHrTtkwyvXHubox7SETsig,deVz7CbX6fUp12x690FQNw,K B.
Rj7WgQ7VNRcrZRThq-KCdw,https://www.yelp.com/biz/restaurante-maxims-rio-de-janeiro?adjust_creative=ZaFQ4_OiriT3AVd55N_QPg&hrid=Rj7WgQ7VNRcrZRThq-KCdw&utm_campaign=yelp_api_v3&utm_medium=api_v3_business_reviews&utm_source=ZaFQ4_OiriT3AVd55N_QPg,"After wandering around the beach and tired of looking for restaurants, we decided to arbitrarily pick one close, and Maxims did not disappoint. With both...",4,2015-12-27 22:00:28,fHrTtkwyvXHubox7SETsig,SHCkdLGw5bM-eajBPIG3Lw,Vinh T.
rIBvOva597zJ1w_VCts7ww,https://www.yelp.com/biz/talho-rio-de-janeiro?adjust_creative=ZaFQ4_OiriT3AVd55N_QPg&hrid=rIBvOva597zJ1w_VCts7ww&utm_campaign=yelp_api_v3&utm_medium=api_v3_business_reviews&utm_source=ZaFQ4_OiriT3AVd55N_QPg,Love the outdoor seating area and the set breakfast for two. The suco de abacaxi com hortela is the best I've had. The texture is really frothy! My...,4,2016-04-04 09:18:52,y1lEh9vbkTw74wTPk4rXnA,g-mL-8J1_9iuDLUhyTzvmg,Nathalie L.
CXo2l2BOdEUBD2X_gchdYA,https://www.yelp.com/biz/laguna-rio-de-janeiro-2?adjust_creative=ZaFQ4_OiriT3AVd55N_QPg&hrid=CXo2l2BOdEUBD2X_gchdYA&utm_campaign=yelp_api_v3&utm_medium=api_v3_business_reviews&utm_source=ZaFQ4_OiriT3AVd55N_QPg,"Fabulous food and people.  Definitely worth the trip day or night!
Seafood stew and empanadas were fabulous and specialty jugo drink was a hit.
Can't wait...",5,2016-06-12 15:37:50,8eaG9fL11O1obGJUXhl8Cw,PIRsQws-3T7x15Kmpr3t4A,Kim L.
gpT40gKKG_JSRVmc7_98XA,https://www.yelp.com/biz/kaiten-sushi-bar-rio-de-janeiro?adjust_creative=ZaFQ4_OiriT3AVd55N_QPg&hrid=gpT40gKKG_JSRVmc7_98XA&utm_campaign=yelp_api_v3&utm_medium=api_v3_business_reviews&utm_source=ZaFQ4_OiriT3AVd55N_QPg,Great sushi restaurant with sushi on a conveyor belt. Went on a weekday for lunch and got seated right away.,5,2018-01-08 17:36:59,KTNkCs2jtOtEwgdqEjqU_g,t0pA0rPrhARE49DTr-EAQA,Marian H.
CE2XU352UPkaHsYLm-nx5Q,https://www.yelp.com/biz/balada-mix-rio-de-janeiro-2?adjust_creative=ZaFQ4_OiriT3AVd55N_QPg&hrid=CE2XU352UPkaHsYLm-nx5Q&utm_campaign=yelp_api_v3&utm_medium=api_v3_business_reviews&utm_source=ZaFQ4_OiriT3AVd55N_QPg,The hostess was horrible: unprofessional to say the least. We asked for a table of 7 and half an hour later they are seating people that got there after us...,4,2015-12-06 19:06:02,yrJQs8t9Bii8qzQb_5Fu3A,6qla4N1j2Y2kXsP0_3xUHg,Fernanda D.
did4cniRIwS6gc1S2ALoUg,https://www.yelp.com/biz/casa-da-ostra-rio-de-janeiro?adjust_creative=ZaFQ4_OiriT3AVd55N_QPg&hrid=did4cniRIwS6gc1S2ALoUg&utm_campaign=yelp_api_v3&utm_medium=api_v3_business_reviews&utm_source=ZaFQ4_OiriT3AVd55N_QPg,We went here in 2015 and returned in 2016.  After having lots of Beef it was nice to have a seafood buffet.  The all you can eat format is nice.  They have...,4,2016-08-23 16:43:41,DKN9FLxpTcyA0_t249TPoQ,cNO-iv0SlxqUjZjs2MR1Tw,Cactus P.
BsgjFt9ftWKhb1LDBpnJTw,https://www.yelp.com/biz/mamma-jamma-rio-de-janeiro-8?adjust_creative=ZaFQ4_OiriT3AVd55N_QPg&hrid=BsgjFt9ftWKhb1LDBpnJTw&utm_campaign=yelp_api_v3&utm_medium=api_v3_business_reviews&utm_source=ZaFQ4_OiriT3AVd55N_QPg,So we came here after having tried another location for a bite of their delicious pizza. The service was really good and everyone was really nice. We...,5,2019-07-17 12:47:49,6bOpGQ7iKoanEJJwOtufFQ,RWXyoD4R_Hap4Hqft3oncA,Denise C.
yLyf6pHcQKftw8h5VjlTbw,https://www.yelp.com/biz/reserva-t-t-burger-rio-de-janeiro-4?adjust_creative=ZaFQ4_OiriT3AVd55N_QPg&hrid=yLyf6pHcQKftw8h5VjlTbw&utm_campaign=yelp_api_v3&utm_medium=api_v3_business_reviews&utm_source=ZaFQ4_OiriT3AVd55N_QPg,"Pros: big patty, fresh, someone speaks English Cons:  Disappointing, over-salted, soggy. 

Let me explain.  

This place has a reputation of being the best...",3,2019-02-26 13:57:41,duTSETeotGWndD4W2VnTXw,UUicf1-Nqn_7GNU_4egWcg,Winlee W.
XMl6kWMzTo7a7VjRznJ5ew,https://www.yelp.com/biz/reserva-t-t-burger-rio-de-janeiro-4?adjust_creative=ZaFQ4_OiriT3AVd55N_QPg&hrid=XMl6kWMzTo7a7VjRznJ5ew&utm_campaign=yelp_api_v3&utm_medium=api_v3_business_reviews&utm_source=ZaFQ4_OiriT3AVd55N_QPg,"We heard this was The burger place to go for quality burgers in Rio, but we found that was not true. It was a bit pricier than most other places we ate...",3,2019-09-18 07:36:20,duTSETeotGWndD4W2VnTXw,BvdbeOr4-j-W51RvYyXQOw,Anna C.
KioTvONZfeAPbV0WwulZ4w,https://www.yelp.com/biz/reserva-t-t-burger-rio-de-janeiro-4?adjust_creative=ZaFQ4_OiriT3AVd55N_QPg&hrid=KioTvONZfeAPbV0WwulZ4w&utm_campaign=yelp_api_v3&utm_medium=api_v3_business_reviews&utm_source=ZaFQ4_OiriT3AVd55N_QPg,The line doesn't do its justice. This restaurant follows the name of the amazing chef Claude Troigrois.. This is his son's restaurant which I thought it...,3,2014-09-07 10:46:07,duTSETeotGWndD4W2VnTXw,xG_RPqP_lheAs625xKWDeQ,Izadora L.
Sn0Plx_tAbcAbwSRo2HZjA,https://www.yelp.com/biz/f%C3%B3rmula-1-rio-de-janeiro?adjust_creative=ZaFQ4_OiriT3AVd55N_QPg&hrid=Sn0Plx_tAbcAbwSRo2HZjA&utm_campaign=yelp_api_v3&utm_medium=api_v3_business_reviews&utm_source=ZaFQ4_OiriT3AVd55N_QPg,"Especially good when your ticket is low :) This is our go-to place for lunch at less than R$15. Its a kilo place downtown, food is generally decent,...",4,2015-06-01 15:02:46,Bw2NzJF880a5nnfPI76F-Q,tOnAuTqwPr5fwoVsXJ4s8A,Kelly K.
L0M27e9huJ7vAk9k99QSng,https://www.yelp.com/biz/f%C3%B3rmula-1-rio-de-janeiro?adjust_creative=ZaFQ4_OiriT3AVd55N_QPg&hrid=L0M27e9huJ7vAk9k99QSng&utm_campaign=yelp_api_v3&utm_medium=api_v3_business_reviews&utm_source=ZaFQ4_OiriT3AVd55N_QPg,"Don't know why this place was registered as a Yogurt place, when it is a Kilo restaurant. 
They have salad options, a small grill where you can get meat or...",4,2015-02-20 07:07:09,Bw2NzJF880a5nnfPI76F-Q,52R6YBCMU0yycOHKcnTXhA,Luciana Y.
Kb6qrFR2N-3aevj3J0T8xg,https://www.yelp.com/biz/bar-d-h%C3%B4tel-rio-de-janeiro-3?adjust_creative=ZaFQ4_OiriT3AVd55N_QPg&hrid=Kb6qrFR2N-3aevj3J0T8xg&utm_campaign=yelp_api_v3&utm_medium=api_v3_business_reviews&utm_source=ZaFQ4_OiriT3AVd55N_QPg,"Good friends who are from Rio met us for dinner and drinks at this spot in Leblon overlooking the beach. We were a bit concerned about the price, since we...",3,2016-06-24 10:19:59,6Xo2NK7XuFzopPyEsD39dA,cZrsBqcs3-UGmsCwvvPutA,James G.
XMztLjxB1QjbGIRbZ8oDkA,https://www.yelp.com/biz/bar-d-h%C3%B4tel-rio-de-janeiro-3?adjust_creative=ZaFQ4_OiriT3AVd55N_QPg&hrid=XMztLjxB1QjbGIRbZ8oDkA&utm_campaign=yelp_api_v3&utm_medium=api_v3_business_reviews&utm_source=ZaFQ4_OiriT3AVd55N_QPg,"At the second floor of a very famous hotel in a glamorous neighbourhood of Rio de Janeiro, this restaurant is a compulsory stop for residents and visitors....",5,2015-03-26 13:54:42,6Xo2NK7XuFzopPyEsD39dA,SLjKDT1dx1EURT4zOwBZ2Q,Daniel C.
DLfk_IXQHs8TvMkNIVy65A,https://www.yelp.com/biz/bar-d-h%C3%B4tel-rio-de-janeiro-3?adjust_creative=ZaFQ4_OiriT3AVd55N_QPg&hrid=DLfk_IXQHs8TvMkNIVy65A&utm_campaign=yelp_api_v3&utm_medium=api_v3_business_reviews&utm_source=ZaFQ4_OiriT3AVd55N_QPg,Nice bar and good service. Went in late on a Sunday night and it was almost empty but the bartender knows his stuff so the cocktails were great. Good food too.,5,2015-06-21 19:56:29,6Xo2NK7XuFzopPyEsD39dA,tddzWbTiPcfi5ryDVeKcjQ,Philip K.
zkMw_JPu8-wftQB21R9Myg,https://www.yelp.com/biz/fazendola-rio-de-janeiro?adjust_creative=ZaFQ4_OiriT3AVd55N_QPg&hrid=zkMw_JPu8-wftQB21R9Myg&utm_campaign=yelp_api_v3&utm_medium=api_v3_business_reviews&utm_source=ZaFQ4_OiriT3AVd55N_QPg,"BUFFET!  Only reason this is just 4 stars is because the procedure is not intuitive and is a bit confusing.  Lots of employees, but only one spoke English....",4,2016-08-07 16:22:57,9na9Sri4bouMtXo6WZ53dg,hAw6oI0VDiV5DokJL9-pNg,David H.
EIvhG5Da72dBosUttf3VEg,https://www.yelp.com/biz/fazendola-rio-de-janeiro?adjust_creative=ZaFQ4_OiriT3AVd55N_QPg&hrid=EIvhG5Da72dBosUttf3VEg&utm_campaign=yelp_api_v3&utm_medium=api_v3_business_reviews&utm_source=ZaFQ4_OiriT3AVd55N_QPg,"The kilo buffet, and pizza are good, the sushi is ok. Fondue to me was not good, your given oil to cook your protein which loses the taste of the meat and...",4,2021-08-13 04:09:37,9na9Sri4bouMtXo6WZ53dg,MAAYwKbAHZ96WrqCRW5g1w,Nate S.
-JsOXOPMdJHQYPychFLQNg,https://www.yelp.com/biz/fazendola-rio-de-janeiro?adjust_creative=ZaFQ4_OiriT3AVd55N_QPg&hrid=-JsOXOPMdJHQYPychFLQNg&utm_campaign=yelp_api_v3&utm_medium=api_v3_business_reviews&utm_source=ZaFQ4_OiriT3AVd55N_QPg,"NO DELIVERY. Despite the info on site which says they do. 
So I don't know how heir food is.",3,2018-08-25 12:38:57,9na9Sri4bouMtXo6WZ53dg,gmp2qN0wYgIHkKZ3V7le5g,Glenn H.
u4m-EcCuce72ihQmFr3Ecw,https://www.yelp.com/biz/r%C3%A1scal-rio-de-janeiro-2?adjust_creative=ZaFQ4_OiriT3AVd55N_QPg&hrid=u4m-EcCuce72ihQmFr3Ecw&utm_campaign=yelp_api_v3&utm_medium=api_v3_business_reviews&utm_source=ZaFQ4_OiriT3AVd55N_QPg,Ráscal is a decent Italian and mediterranean restaurant in Shopping Rio Sul. You'll find the restaurant in several other shoppings in Rio de Janeiro as...,4,2015-02-13 10:33:58,fEtFaHK8jYdWwvvoMsR5TQ,pMkKWNuo4QNre7s3k0M3hQ,Yordy R.
e5XvCV6Cy97z9XX6k6Ju8A,https://www.yelp.com/biz/r%C3%A1scal-rio-de-janeiro-2?adjust_creative=ZaFQ4_OiriT3AVd55N_QPg&hrid=e5XvCV6Cy97z9XX6k6Ju8A&utm_campaign=yelp_api_v3&utm_medium=api_v3_business_reviews&utm_source=ZaFQ4_OiriT3AVd55N_QPg,"Rascal is great! Good pizza, good desserts and great service. The buffet with salads and pasta is delicious also. But be aware, this is not a cheap place!",5,2015-03-20 12:58:43,fEtFaHK8jYdWwvvoMsR5TQ,kLtoDgHQXAvfwTbbc3OIdg,Isabel S.
